id,ten_dau_viec,nhom,phong_chinh,phong_phoi_hop,bat_dau,ket_thuc,trang_thai,so_lan_nhac,ghi_chu,nguon_van_ban,dinh_ky
1,Bổ sung 2 hàng ghế Inox (15 cái) khu chờ hành lang sảnh,hanh_chanh,HCQT,,2025-12-16,2025-12-25,da_hoan_thanh,1,,BC Tiến độ họp BS Ngọc Hải 16/12/2025,0
2,Loại bỏ tủ đầu giường tại các phòng khám,hanh_chanh,HCQT,,2025-12-16,2025-12-30,da_hoan_thanh,1,,BC Tiến độ họp BS Ngọc Hải 16/12/2025,0
3,Thực hiện 5S vị trí để đồ cá nhân NVYT và nước uống,chuyen_mon,Điều dưỡng,,2025-12-16,2025-12-30,da_hoan_thanh,1,,BC Tiến độ họp BS Ngọc Hải 16/12/2025,0
4,Rà soát quy cách và vị trí đặt thùng rác,chuyen_mon,KSNK,Điều dưỡng,2025-12-16,2025-12-30,tre_deadline,1,Đã đi khảo sát và lên kế hoạch kiểm soát,BC Tiến độ họp BS Ngọc Hải 16/12/2025,0
5,Triển khai in toa thuốc tại nhà thuốc (theo mẫu khu N),quan_ly_khac,KHTH,CNTT,2025-12-16,2026-01-02,tre_deadline,3,Đã lên quy trình đang làm việc với K.Dược CNTT,BC Tiến độ họp BS Ngọc Hải 16/12/2025,0
6,Giải phóng máy in phòng khám - chuyển in chỉ định ra ngoài,quan_ly_khac,KHTH,CNTT,2025-12-16,2025-12-30,tre_deadline,1,Đã lên quy trình đang làm việc với K.Dược CNTT KHTH,BC Tiến độ họp BS Ngọc Hải 16/12/2025,0
7,Thiết lập trạm CSKH thành điểm in tập trung,quan_ly_khac,CSKH,CNTT,2025-12-16,2026-02-01,da_hoan_thanh,2,Đã làm tờ trình,BC Tiến độ họp BS Ngọc Hải 16/12/2025,0
8,Vẽ lại sơ đồ quy trình khám bệnh mới (tối ưu hóa luồng),chuyen_mon,KHTH,Điều dưỡng,2025-12-16,2026-04-15,da_hoan_thanh,1,Đã phối hợp hoàn thành,BC Tiến độ họp BS Ngọc Hải 16/12/2025,0
9,Bố trí lại vị trí công việc theo thứ tự tải trọng,hanh_chanh,Điều dưỡng,,2025-12-16,2025-12-30,da_hoan_thanh,1,,BC Tiến độ họp BS Ngọc Hải 16/12/2025,0
10,Mở cửa hông cho các phòng khám đông (Nội Ngoại),hanh_chanh,HCQT,,2025-12-16,2025-12-30,da_hoan_thanh,1,,BC Tiến độ họp BS Ngọc Hải 16/12/2025,0
11,Điều chỉnh luồng BN Nội/Ngoại đi từ hành lang hướng công viên,hanh_chanh,HCQT,Điều dưỡng,2025-12-16,2025-12-30,da_hoan_thanh,1,,BC Tiến độ họp BS Ngọc Hải 16/12/2025,0
12,Đổi vị trí phòng ECG và phòng Siêu âm,chuyen_mon,HCQT,,2025-12-16,2025-12-22,da_hoan_thanh,1,T7 CN chuyển đổi - dự kiến T2 22/12 hoàn thành,BC Tiến độ họp BS Ngọc Hải 16/12/2025,0
13,Sắp xếp lại Poster tại phòng ECG (theo chuẩn BVND),chuyen_mon,Điều dưỡng,CTXH,2025-12-16,2025-12-16,da_hoan_thanh,1,,BC Tiến độ họp BS Ngọc Hải 16/12/2025,0
14,Lắp đặt thêm TV tại khu vực chờ/phòng ECG,hanh_chanh,HCQT,,2025-12-16,2025-12-25,da_hoan_thanh,1,Đã gửi tờ trình,BC Tiến độ họp BS Ngọc Hải 16/12/2025,0
15,Rà soát góc truyền thông phòng Soi và Phụ sản,chuyen_mon,Điều dưỡng,CTXH,2025-12-16,2026-12-22,da_hoan_thanh,1,,BC Tiến độ họp BS Ngọc Hải 16/12/2025,0
16,Thay thế giường Inox bằng bàn khám Inox chuyên dụng (Khám Nhi),hanh_chanh,VTTBYT,Điều dưỡng,2025-12-16,2026-05-12,da_hoan_thanh,1,BS Nhi yêu cầu giữ lại giường Inox cho trẻ lớn,BC Tiến độ họp BS Ngọc Hải 16/12/2025,0
17,Di chuyển máy CT cũ (hư) ra khỏi phòng máy,hanh_chanh,VTTBYT,,2025-12-16,2025-12-30,tre_deadline,1,Thực hiện sau ký kết bàn giao với SYT và TTYT,BC Tiến độ họp BS Ngọc Hải 16/12/2025,0
18,Thiết kế lại mặt bằng tích hợp CT - X-quang,hanh_chanh,KHTH,HCQT|VTTBYT|BS Bảo Anh,2025-12-16,2025-12-26,tre_deadline,1,Phối hợp khảo sát đảm bảo quy trình chuyên môn,BC Tiến độ họp BS Ngọc Hải 16/12/2025,0
19,Đo lường kích thước khu vực WC và hành lang ngoài cho X-quang,hanh_chanh,HCQT,VTTBYT,2025-12-16,2026-03-20,da_hoan_thanh,1,Hoàn thành,BC Tiến độ họp BS Ngọc Hải 16/12/2025,0
20,Di dời hệ thống máy xét nghiệm lên Lầu 1,chuyen_mon,VTTBYT,XN,2025-12-16,2025-12-30,da_hoan_thanh,1,,BC Tiến độ họp BS Ngọc Hải 16/12/2025,0
21,Thiết lập quy trình lấy máu tại chỗ cho người già/khó di chuyển,chuyen_mon,XN,Điều dưỡng,2025-12-16,2025-12-30,da_hoan_thanh,1,,BC Tiến độ họp BS Ngọc Hải 16/12/2025,0
22,Khảo sát phương án thông vách phòng Châm cứu - Massage,hanh_chanh,HCQT,,2025-12-16,2025-12-26,tre_deadline,1,,BC Tiến độ họp BS Ngọc Hải 16/12/2025,0
23,Họp thống nhất vấn đề thủ thuật giữa YHCT và PHCT,chuyen_mon,Bs Hoàng,,2025-12-16,2025-12-30,tre_deadline,1,,BC Tiến độ họp BS Ngọc Hải 16/12/2025,0
24,Khảo sát tháo dỡ đánh giá tái sử dụng máy lạnh Lầu 1 (Kho Dược),hanh_chanh,HCQT,,2025-12-16,2025-12-19,da_hoan_thanh,1,,BC Tiến độ họp BS Ngọc Hải 16/12/2025,0
25,Báo cáo xin ý kiến BS Ngọc Hải về phương án tháo máy lạnh,quan_ly_khac,HCQT,,2025-12-16,2025-12-19,da_hoan_thanh,1,,BC Tiến độ họp BS Ngọc Hải 16/12/2025,0
26,Thiết kế bảng hướng dẫn trong phòng khám,quan_ly_khac,KHTH,,2025-12-16,2025-12-22,tre_deadline,1,Long và Hoài phụ trách,BC Tiến độ họp BS Ngọc Hải 16/12/2025,0
27,Thiết kế bảng hướng dẫn luồng xe bệnh nhân,quan_ly_khac,KHTH,,2025-12-16,2025-12-18,tre_deadline,1,Long và Hoài phụ trách,BC Tiến độ họp BS Ngọc Hải 16/12/2025,0
28,Rà soát các điều kiện kết nối để được chấp nhận BHYT,quan_ly_khac,KHTH,,2025-12-16,2025-12-30,tre_deadline,1,Bảng VTTBYT đang báo lỗi,BC Tiến độ họp BS Ngọc Hải 16/12/2025,0
29,Rà soát Hợp đồng Xét nghiệm phục vụ BHYT,chuyen_mon,KHTH,,2025-12-16,2025-12-30,da_hoan_thanh,1,,BC Tiến độ họp BS Ngọc Hải 16/12/2025,0
30,Đẩy dữ liệu nhân sự lên cổng BHYT,quan_ly_khac,KHTH,,2025-12-16,2025-12-30,da_hoan_thanh,1,Phối hợp Bs Lan Hương,BC Tiến độ họp BS Ngọc Hải 16/12/2025,0
31,Phối hợp BV Lê Văn Thịnh đảm bảo hoạt động và chi trả BHYT thận nhân tạo,quan_ly_khac,TCCB,TCKT|KHTH,2025-12-16,2025-12-30,tre_deadline,1,KHTH trình công văn 19.12.2025,BC Tiến độ họp BS Ngọc Hải 16/12/2025,0
32,Sửa chữa Mô-tơ điện,hanh_chanh,HCQT,,2025-12-16,2025-12-30,da_hoan_thanh,1,sửa lần 1,BC Tiến độ họp BS Ngọc Hải 16/12/2025,0
33,Lắp đặt biển báo Lối vào - Lối ra cho xe,hanh_chanh,HCQT,,2025-12-16,2025-12-23,da_hoan_thanh,1,,BC Tiến độ họp BS Ngọc Hải 16/12/2025,0
34,Kiểm soát thẻ đeo ký tên ra vào đối với công nhân xây dựng,quan_ly_khac,Bảo vệ,HCQT,2025-12-16,2025-12-30,da_hoan_thanh,1,Đang kiểm soát bằng sổ ra vào,BC Tiến độ họp BS Ngọc Hải 16/12/2025,0
35,Làm mái che vòm sơn trắng khu vực Bảo vệ,hanh_chanh,HCQT,,2025-12-16,2025-12-30,da_hoan_thanh,1,Đã làm tờ trình 19.12.2025,BC Tiến độ họp BS Ngọc Hải 16/12/2025,0
36,Cải tạo vườn trước phòng khám (lát tấm đan 80cm chia 5 ô),hanh_chanh,HCQT,,2025-12-16,2026-01-20,da_hoan_thanh,1,Tờ trình T2 22.12.2025,BC Tiến độ họp BS Ngọc Hải 16/12/2025,0
37,Cải tạo vườn trước khu nhân viên (lát tấm đan 80cm chia 2 ô),hanh_chanh,HCQT,,2025-12-16,2026-01-20,da_hoan_thanh,1,Hoàn thành,BC Tiến độ họp BS Ngọc Hải 16/12/2025,0
38,Vận chuyển 20 ghế Inox từ Cơ sở 1 lên tăng cường,hanh_chanh,HCQT,,2025-12-16,2026-01-20,da_hoan_thanh,1,,BC Tiến độ họp BS Ngọc Hải 16/12/2025,0
39,Cải tạo kho phòng khám thành chỗ thay đồ (có tủ Locker),hanh_chanh,HCQT,,2025-12-16,2025-12-30,da_hoan_thanh,1,Đã xong 19.12.2025,BC Tiến độ họp BS Ngọc Hải 16/12/2025,0
40,Đóng đinh khóa các phòng hiện chưa sử dụng,hanh_chanh,HCQT,,2025-12-16,2025-12-30,da_hoan_thanh,1,Đã xong 19.12.2025,BC Tiến độ họp BS Ngọc Hải 16/12/2025,0
41,Thông báo cấm công nhân đi lối phòng khám và sử dụng thang máy PK,hanh_chanh,HCQT,,2025-12-16,2025-12-30,da_hoan_thanh,1,,BC Tiến độ họp BS Ngọc Hải 16/12/2025,0
42,Niêm yết bảng thông báo giờ làm việc tại các cửa chính,hanh_chanh,HCQT,,2025-12-16,2025-12-30,da_hoan_thanh,1,,BC Tiến độ họp BS Ngọc Hải 16/12/2025,0
43,Quy hoạch vị trí đỗ xe (người nhà Cấp cứu Ô tô NV),hanh_chanh,HCQT,,2025-12-16,2025-12-30,da_hoan_thanh,1,,BC Tiến độ họp BS Ngọc Hải 16/12/2025,0
44,Tổ chức giao ban Bệnh viện định kỳ mỗi ngày,quan_ly_khac,Ban Giám đốc,,2025-12-16,2025-12-30,da_hoan_thanh,1,,BC Tiến độ họp BS Ngọc Hải 16/12/2025,1
45,Tổ chức giao ban Điều dưỡng định kỳ mỗi tuần,quan_ly_khac,Điều dưỡng trưởng,,2025-12-16,2025-12-30,da_hoan_thanh,1,,BC Tiến độ họp BS Ngọc Hải 16/12/2025,1
46,Tổng hợp và trình quy trình Cấp cứu - Phòng mổ - PK,quan_ly_khac,Bs Hoàng,,2025-12-16,2025-12-30,tre_deadline,1,,BC Tiến độ họp BS Ngọc Hải 16/12/2025,0
47,Đảm bảo đèn hành lang PK - Cấp cứu sáng 24/7 (thêm 2 đèn),hanh_chanh,HCQT,,2025-12-16,2025-12-30,da_hoan_thanh,1,,BC Tiến độ họp BS Ngọc Hải 16/12/2025,0
48,Phương án kiểm soát hành lang Cấp cứu - Phòng khám,hanh_chanh,HCQT,,2025-12-16,2025-12-30,da_hoan_thanh,1,Dùng decal cảnh báo và thông báo giao ban,BC Tiến độ họp BS Ngọc Hải 16/12/2025,0
49,Báo cáo phương án phối hợp/xử trí với Đơn vị 115,quan_ly_khac,KHTH,,2025-12-16,2025-12-30,tre_deadline,1,KHTH gửi CV xin ý kiến SYT,BC Tiến độ họp BS Ngọc Hải 16/12/2025,0
50,Báo cáo phân tích vị trí kho tổng (HC VTTB Dược HS),quan_ly_khac,HCQT,VTTBYT|KHTH,2025-12-16,2025-12-22,da_hoan_thanh,1,,BC Tiến độ họp BS Ngọc Hải 16/12/2025,0
51,Tổ chức giao ban và phản hồi ý kiến bệnh viện đối tác,quan_ly_khac,KHTH,,2025-12-29,2026-01-12,dang_thuc_hien,1,Đầu mối tiếp nhận - phản hồi ý kiến BV Lê Văn Thịnh/YHCT/Da Liễu,Kết luận họp BS Ngọc Hải 29/12/2025,1
52,Tăng cường truyền thông dịch vụ và tiếp đón tư vấn người bệnh,quan_ly_khac,CSKH,,2025-12-29,2026-01-12,da_hoan_thanh,1,CSKH là đầu mối,Kết luận họp BS Ngọc Hải 29/12/2025,0
53,Hoàn thành quy trình nhập viện và in/đeo lắc tay người bệnh,quan_ly_khac,KHTH,K.Cấp cứu,2025-12-29,2026-01-12,tre_deadline,1,Ngay khi NB nhập viện phải in và đeo lắc tay đúng quy định,Kết luận họp BS Ngọc Hải 29/12/2025,0
54,Tái bố trí nhân sự Nội/Ngoại/Sản/Cấp cứu theo định hướng trực tập trung,hanh_chanh,KHTH,K.Cấp cứu,2025-12-29,2026-02-15,da_hoan_thanh,1,"Thông báo về việc trực tập trung, giám sát mỗi đợt nhân sự mới",Kết luận họp BS Ngọc Hải 29/12/2025,0
55,Thực hiện quy trình chuyển viện qua bến phà Bình Khánh,quan_ly_khac,KHTH,HCQT,2025-12-29,2026-01-01,tre_deadline,1,Tối ưu thời gian xe cứu thương - đường Huỳnh Tấn Phát,Kết luận họp BS Ngọc Hải 29/12/2025,0
56,Điều phối người bệnh tập trung theo phân khu định sẵn,quan_ly_khac,KHTH,,2025-12-29,2026-01-12,dang_thuc_hien,1,Mở rộng khu mới chỉ khi khu trước đã hết công suất,Kết luận họp BS Ngọc Hải 29/12/2025,1
57,Đảm bảo cung ứng VTTB và hóa chất tiêu hao đầy đủ kịp thời,hanh_chanh,VTTBYT,,2025-12-29,2026-01-12,dang_thuc_hien,1,,Kết luận họp BS Ngọc Hải 29/12/2025,1
58,Trang bị máy CT mới,chuyen_mon,VTTBYT,,2025-12-29,2026-03-31,tre_deadline,1,,Kết luận họp BS Ngọc Hải 29/12/2025,0
59,Sửa chữa máy C-arm và hệ thống nội soi tiêu hóa,hanh_chanh,VTTBYT,,2025-12-29,2026-01-21,tre_deadline,1,,Kết luận họp BS Ngọc Hải 29/12/2025,0
60,Thành lập bộ phận quản lý điều hành BVTD CS2,quan_ly_khac,TCCB,HCQT,2025-12-29,2026-01-02,da_hoan_thanh,1,⚠️ Báo cáo từ phòng phối hợp (HCQT) — cần kiểm tra lại với phòng chính (TCCB),Kết luận họp BS Ngọc Hải 29/12/2025,0
61,Thực hiện và giám sát 5S tại khoa Cấp cứu chống độc,hanh_chanh,Điều dưỡng,,2025-12-29,2026-01-12,da_hoan_thanh,1,,Kết luận họp BS Ngọc Hải 29/12/2025,0
62,Chuẩn bị đồng phục cho bác sĩ và người bệnh,chuyen_mon,Điều dưỡng,,2025-12-29,2026-02-10,da_hoan_thanh,2,Nhắc lại 06/01/2026,Kết luận họp BS Ngọc Hải 29/12/2025,0
63,Cải tạo khu vực bồn cây trung tâm (trồng cây bông vàng-hồng + sơn bồn + tỉa cây + di dời cây bằng lăng),hanh_chanh,HCQT,,2026-01-29,2026-01-20,da_hoan_thanh,1,,Kết luận họp BS Ngọc Hải 29/01/2026,0
64,Phối hợp cải tạo vườn cây thuốc Nam khu phòng khám YHCT cùng BV Y học Cổ truyền TP.HCM,hanh_chanh,HCQT,Đoàn Thanh Niên,2026-01-29,2026-01-30,da_hoan_thanh,1,,Kết luận họp BS Ngọc Hải 29/01/2026,0
65,Cải tạo khu nhà nghỉ nhân viên: di dời cây xanh + sân phơi đồ (đá sỏi/dây phơi/chiếu sáng/sửa nắp cống) + sân thể thao,hanh_chanh,HCQT,,2026-01-29,2026-01-30,da_hoan_thanh,1,Hoàn thành,Kết luận họp BS Ngọc Hải 29/01/2026,0
66,Cải tạo kho trung tâm CS2 (khu vực KSNK) phục vụ VTTBYT + HCQT + Dược,hanh_chanh,HCQT,VTTBYT|Dược|KSNK,2026-01-29,2026-01-30,da_hoan_thanh,1,,Kết luận họp BS Ngọc Hải 29/01/2026,0
67,Dọn vệ sinh 5S và di dời thiết bị hư tại khu nhà đại thể (bàn/giường inox + xe cấp cứu hư + thùng rác về CS1),hanh_chanh,HCQT,,2026-01-29,2026-01-30,da_hoan_thanh,1,,Kết luận họp BS Ngọc Hải 29/01/2026,0
68,Dọn vệ sinh 5S và xây lưới B40 bảo vệ khu vực bình Oxy,hanh_chanh,HCQT,,2026-01-29,2026-01-30,da_hoan_thanh,1,,Kết luận họp BS Ngọc Hải 29/01/2026,0
69,Cải tạo khu tiếp nhận Cấp cứu: di dời máy tính/TV + điều chỉnh poster + 5S xe lăn và bao áo bình oxy,hanh_chanh,HCQT,CNTT|Điều dưỡng,2026-01-29,2026-01-30,da_hoan_thanh,1,,Kết luận họp BS Ngọc Hải 29/01/2026,0
70,Cải tạo phòng họp Cấp cứu: 5S dây điện/ổ điện + thay đổi công năng phòng xử lý dụng cụ + trang bị 10 ghế và TV lớn,hanh_chanh,HCQT,KHTH|Điều dưỡng|KSNK,2026-01-29,2026-01-30,da_hoan_thanh,1,,Kết luận họp BS Ngọc Hải 29/01/2026,0
71,Thay đèn đầu giường NB khu hành chính CC + 5S phòng đệm hồi sức + bố trí kệ Inox thiết bị,hanh_chanh,HCQT,Điều dưỡng,2026-01-29,2026-01-30,da_hoan_thanh,1,,Kết luận họp BS Ngọc Hải 29/01/2026,0
72,Thiết kế lại buồng thủ thuật Cấp cứu và trang bị giường thủ thuật đúng quy định,hanh_chanh,K.Cấp cứu,,2026-01-29,2026-01-30,da_hoan_thanh,1,,Kết luận họp BS Ngọc Hải 29/01/2026,0
73,Thay rèm xanh di động tại phòng thay đồ nhân viên,hanh_chanh,HCQT,,2026-01-29,2026-01-30,da_hoan_thanh,1,,Kết luận họp BS Ngọc Hải 29/01/2026,0
74,Làm vách và cửa ngăn cách khu vui chơi trẻ em và lối vào nhà vệ sinh,hanh_chanh,HCQT,,2026-01-29,2026-01-30,tre_deadline,1,,Kết luận họp BS Ngọc Hải 29/01/2026,0
75,Triển khai dịch vụ soi gây mê và thực hiện công tác chuyển bệnh,chuyen_mon,GMHS,,2026-01-29,2026-01-30,tre_deadline,1,,Kết luận họp BS Ngọc Hải 29/01/2026,0
76,TCCB sắp xếp nhân sự lãnh đạo KSNK làm việc tối thiểu 2 lần/tuần tại CS2,quan_ly_khac,TCCB,,2026-01-29,2026-01-30,dang_thuc_hien,1,,Kết luận họp BS Ngọc Hải 29/01/2026,1
77,HCQT cải tạo sân phơi đồ khu vực KSNK đảm bảo hiệu suất và thẩm mỹ,hanh_chanh,HCQT,,2026-01-29,2026-01-30,da_hoan_thanh,1,,Kết luận họp BS Ngọc Hải 29/01/2026,0
78,KSNK báo cáo trực tiếp Giám đốc: tiến độ + phân bổ CS1-CS2 + hóa chất còn thiếu + quy trình vận hành,quan_ly_khac,KSNK,,2026-01-29,2026-01-30,tre_deadline,1,Báo cáo thứ 6 ngày 30/01/2026,Kết luận họp BS Ngọc Hải 29/01/2026,0
79,KSNK: 5S dụng cụ thiết bị + chuẩn hóa bảng biểu theo chuẩn CS1 + rà soát thùng rác vàng,chuyen_mon,KSNK,,2026-01-29,2026-01-30,tre_deadline,1,,Kết luận họp BS Ngọc Hải 29/01/2026,0
80,Rà soát và quy hoạch khu vực rác lây nhiễm KSNK (vệ sinh + 5S + thời gian lấy rác),chuyen_mon,KSNK,,2026-01-29,2026-01-30,tre_deadline,1,,Kết luận họp BS Ngọc Hải 29/01/2026,0
81,KHTH thiết lập báo cáo định kỳ: cơ cấu bệnh tật + phân tích chuyển tuyến hàng ngày/tuần + hoạt động lâm sàng,quan_ly_khac,KHTH,,2026-01-29,2026-01-30,dang_thuc_hien,1,,Kết luận họp BS Ngọc Hải 29/01/2026,1
82,Hoàn thiện và trình phê duyệt hệ thống quy trình phác đồ điều trị phù hợp CS2,chuyen_mon,KHTH,,2026-01-29,2026-01-30,tre_deadline,1,"Đã ban hành 2 phác đồ, 2 QTKT, đang chờ bổ sung phác đồ nội ngoại thường gặp",Kết luận họp BS Ngọc Hải 29/01/2026,0
83,Dược phối hợp KHTH giám sát kê đơn + rà soát danh mục thuốc + thông báo tại giao ban,quan_ly_khac,Dược,KHTH,2026-01-29,2026-01-30,da_hoan_thanh,1,,Kết luận họp BS Ngọc Hải 29/01/2026,0
84,KHTH tổ chức sinh hoạt chuyên môn định kỳ: bình bệnh án + rút kinh nghiệm ca bệnh nặng + bình đơn thuốc,quan_ly_khac,KHTH,,2026-01-29,2026-01-30,dang_thuc_hien,1,,Kết luận họp BS Ngọc Hải 29/01/2026,1
85,Khảo sát bố trí khu vực riêng cấp cứu ca bệnh nặng tiên lượng xin về (phòng Siêu âm/thủ thuật CC),chuyen_mon,K.Cấp cứu,KHTH,2026-01-29,2026-01-30,da_hoan_thanh,1,,Kết luận họp BS Ngọc Hải 29/01/2026,0
86,Xây dựng kế hoạch và diễn tập cấp cứu ngoại khoa + cấp cứu hàng loạt,chuyen_mon,K.Cấp cứu,KHTH,2026-01-29,2026-01-30,da_hoan_thanh,1,,Kết luận họp BS Ngọc Hải 29/01/2026,0
87,Tổ chức phong trào mỗi khoa/phòng chăm sóc vườn cây + gắn bảng tên khoa và tên lãnh đạo,hanh_chanh,Công Đoàn,HCQT,2026-01-29,2026-04-24,da_hoan_thanh,1,,Kết luận họp BS Ngọc Hải 29/01/2026,0
88,HCQT khóa khu vực căn tin cũ và nhà đại thể + quy hoạch khu vực nghỉ ngơi nhân viên vệ sinh,hanh_chanh,HCQT,Điều dưỡng,2026-01-29,2026-01-30,da_hoan_thanh,1,,Kết luận họp BS Ngọc Hải 29/01/2026,0
89,Chuẩn hóa và đánh dấu khu vực để xe lăn toàn viện theo chuẩn CS1 (khu CC và phòng khám),chuyen_mon,Điều dưỡng,HCQT,2026-01-29,2026-01-30,da_hoan_thanh,1,⚠️ Báo cáo từ phòng phối hợp (HCQT) — cần kiểm tra lại với phòng chính (Điều dưỡng),Kết luận họp BS Ngọc Hải 29/01/2026,0
90,TCCB rà soát văn bản và đề xuất tổ chức Cấp cứu 115; HCQT triển khai sau phê duyệt,quan_ly_khac,TCCB,HCQT,2026-01-29,2026-01-30,tre_deadline,1,,Kết luận họp BS Ngọc Hải 29/01/2026,0
91,TCCB ra thông báo + lên lịch trực khám bệnh CC cho BS các khoa GMHS/Sản/Nội/Ngoại,quan_ly_khac,TCCB,KHTH,2026-01-29,2026-01-30,tre_deadline,1,,Kết luận họp BS Ngọc Hải 29/01/2026,0
92,Điều dưỡng xây dựng hoạt động CSKH để tăng tỉ lệ bệnh nhân tái khám các chuyên khoa,quan_ly_khac,Điều dưỡng,CSKH,2026-01-29,2026-01-30,tre_deadline,1,,Kết luận họp BS Ngọc Hải 29/01/2026,0
93,CTXH xây dựng hoạt động truyền thông để tăng số lượng bệnh nhân khám bệnh tại CS2,chuyen_mon,CTXH,,2026-01-29,2026-01-30,tre_deadline,1,,Kết luận họp BS Ngọc Hải 29/01/2026,0
94,CTXH lập kế hoạch chăm sóc bệnh nhân hoàn cảnh khó khăn (miễn giảm viện phí + thăm hỏi tặng quà),chuyen_mon,CTXH,Điều dưỡng|Công Đoàn,2026-01-29,2026-01-30,tre_deadline,1,,Kết luận họp BS Ngọc Hải 29/01/2026,0
95,Quản lý thận nhân tạo: đăng nhập HIS tập trung + lắc tay nhận diện + báo cáo tuần + đẩy cổng BHYT,quan_ly_khac,KHTH,,2026-01-29,2026-01-30,dang_thuc_hien,1,,Kết luận họp BS Ngọc Hải 29/01/2026,1
96,QLCL khảo sát nhu cầu bệnh nhân CS2 để cải tiến và nâng cao chất lượng phục vụ + điều trị,quan_ly_khac,QLCL,,2026-01-29,2026-01-30,tre_deadline,2,,Kết luận họp BS Ngọc Hải 29/01/2026,0
97,Lập kế hoạch hoạt động Tết cụ thể cho BVTD CS2,quan_ly_khac,HCQT,,2026-01-29,2026-01-30,da_hoan_thanh,1,,Kết luận họp BS Ngọc Hải 29/01/2026,0
98,GMHS hỗ trợ cung ứng vật tư tiêu hao hóa chất cho K.Ngoại + K.Nội + K.Cấp cứu trong khi chờ làm kho CS2,hanh_chanh,GMHS,,2026-01-29,2026-01-30,tre_deadline,1,,Kết luận họp BS Ngọc Hải 29/01/2026,0
99,KHTH giám sát BS nội trú tập trung trực tại Cấp cứu đảm bảo điều trị kịp thời,chuyen_mon,KHTH,,2026-01-29,2026-04-30,da_hoan_thanh,1,giám sát mỗi ngày,Kết luận họp BS Ngọc Hải 29/01/2026,0
100,KSNK + Điều dưỡng giám sát việc ăn uống tập trung tại khu nhà nghỉ nhân viên,chuyen_mon,KSNK,Điều dưỡng,2026-01-29,2026-01-30,dang_thuc_hien,1,,Kết luận họp BS Ngọc Hải 29/01/2026,1
101,Báo cáo ca bệnh CC và phòng mổ mỗi ngày cho BGĐ,quan_ly_khac,K.Cấp cứu,,2026-01-06,2026-01-20,da_hoan_thanh,1,,Biên bản 06/01/2026,1
102,Làm cửa kiên cố 4 vị trí khoa CC (xử lý dụng cụ + phòng họp + thủ thuật + nghỉ nữ),hanh_chanh,HCQT,,2026-01-06,2026-01-20,da_hoan_thanh,2,Nhắc lại 13/01 - mở rộng thành 5 vị trí,Biên bản 06/01/2026,0
103,Trang bị 05 ghế tiện ích BS nghỉ ngơi tại CC,hanh_chanh,HCQT,,2026-01-06,2026-01-20,da_hoan_thanh,1,,Biên bản 06/01/2026,0
104,Cải tạo phòng họp K.CC (ghế lưng + rèm + bàn tủ trắng + 5S điện + trần chống ẩm),hanh_chanh,HCQT,,2026-01-06,2026-01-20,da_hoan_thanh,1,,Biên bản 06/01/2026,0
105,Cải tạo phòng nghỉ nhân viên CC (bố trí tủ giường + rèm chống muỗi + chống ẩm),hanh_chanh,HCQT,TCCB|Điều dưỡng,2026-01-06,2026-01-20,da_hoan_thanh,1,,Biên bản 06/01/2026,0
106,Bs Trần Công Trưởng tổ chức giao ban mỗi ngày (CC + GMHS + Ngoại + Nội),chuyen_mon,K.Cấp cứu,KHTH,2026-01-06,2026-01-20,da_hoan_thanh,1,KHTH giám sát theo chuẩn CS1,Biên bản 06/01/2026,1
107,TCCB ra quyết định BS Trần Công Trưởng phụ trách khối CC + Ngoại + Nội + GMHS,quan_ly_khac,TCCB,,2026-01-06,2026-01-20,tre_deadline,1,,Biên bản 06/01/2026,0
108,KHTH trình phương án hoạt động tập trung nguồn lực (CC + GMHS + Ngoại + Nội),chuyen_mon,KHTH,,2026-01-06,2026-01-20,tre_deadline,1,,Biên bản 06/01/2026,0
109,HCQT báo cáo vị trí vườn thuốc + phương án triển khai + chi phí thực hiện,quan_ly_khac,HCQT,,2026-01-06,2026-01-09,da_hoan_thanh,1,,Biên bản 06/01/2026,0
110,KHTH kết nối phần mềm Thận nhân tạo giữa HIS và BHYT,quan_ly_khac,KHTH,,2026-01-06,2026-01-09,tre_deadline,2,Nhắc lại 13/01,Biên bản 06/01/2026,0
111,Bs Bảo Anh (KHTH) triển khai tiếp nhận Thận nhân tạo với BV Lê Văn Thinh,quan_ly_khac,KHTH,,2026-01-06,2026-01-09,tre_deadline,1,Bs Bảo Anh chủ trì - báo cáo GĐ,Biên bản 06/01/2026,0
112,HCQT trang bị FaceID điểm danh phòng họp lớn giao ban bệnh viện,hanh_chanh,HCQT,TCCB|Điều dưỡng,2026-01-06,2026-01-15,da_hoan_thanh,1,Điều dưỡng điểm danh tạm trong lúc chờ,Biên bản 06/01/2026,0
113,Điều dưỡng + HCQT bố trí bàn ăn ngoài hành lang - không ăn trong phòng,hanh_chanh,Điều dưỡng,HCQT,2026-01-06,2026-01-09,da_hoan_thanh,1,,Biên bản 06/01/2026,0
114,KHTH tờ trình chuyển Khoa Sanh + phòng khám (Mắt/RHM/TMH) xuống tầng trệt,hanh_chanh,KHTH,HCQT|VTTBYT,2026-01-06,2026-05-18,da_hoan_thanh,1,,Biên bản 06/01/2026,0
115,KHTH báo cáo số liệu và tour trực CS2 vào giao ban sáng tại CS1,quan_ly_khac,KHTH,,2026-01-06,2026-01-09,dang_thuc_hien,1,Thực hiện từ 07/01/2026,Biên bản 06/01/2026,1
116,TCCB + HCQT + Điều dưỡng thiết kế đồng phục bảo vệ (nón + giày + dây lưng) trình GĐ,quan_ly_khac,TCCB,HCQT|Điều dưỡng,2026-01-13,2026-01-14,da_hoan_thanh,1,⚠️ Báo cáo từ phòng phối hợp (HCQT) — cần kiểm tra lại với phòng chính (TCCB),Biên bản 13/01/2026,0
117,HCQT quy hoạch cây xanh toàn khuôn viên (cau + bằng lăng + xoài + hoa vàng),hanh_chanh,HCQT,,2026-01-13,2026-01-20,da_hoan_thanh,1,,Biên bản 13/01/2026,0
118,HCQT quy hoạch khu vực vườn thuốc nam,hanh_chanh,HCQT,,2026-01-13,2026-01-20,da_hoan_thanh,2,Nhắc lại từ 06/01,Biên bản 13/01/2026,0
119,HCQT xử lý vết nứt tòa nhà (ưu tiên mặt tiền),hanh_chanh,HCQT,,2026-01-13,2026-01-20,da_hoan_thanh,1,,Biên bản 13/01/2026,0
120,HCQT cải tạo hành lang phía ngoài CC (đổ cát + gia cố lan can + trồng cây Vạn Thiên Tuế),hanh_chanh,HCQT,,2026-01-13,2026-01-20,da_hoan_thanh,1,,Biên bản 13/01/2026,0
121,HCQT cải tạo hồ cá (trồng cây vòng ngoài + làm hồ vòi phun vòng trong),hanh_chanh,HCQT,,2026-01-13,2026-01-20,da_hoan_thanh,1,,Biên bản 13/01/2026,0
122,HCQT xử lý lối đi xe lăn (xi măng lối lên + khắc phục bậc tam cấp trước PK),hanh_chanh,HCQT,,2026-01-13,2026-01-20,da_hoan_thanh,1,,Biên bản 13/01/2026,0
123,HCQT làm biển báo và decal (nhà xe NV + kính phòng điều hành + lối đi NVYT),hanh_chanh,HCQT,,2026-01-13,2026-01-20,da_hoan_thanh,1,,Biên bản 13/01/2026,0
124,HCQT kiểm tra giám sát (khóa thang máy + khóa WC + rà rò nước + xem nguồn nước tưới cây),hanh_chanh,HCQT,,2026-01-13,2026-01-20,da_hoan_thanh,1,,Biên bản 13/01/2026,0
125,HCQT lắp camera wifi toàn viện,hanh_chanh,HCQT,,2026-01-13,2026-01-20,da_hoan_thanh,1,,Biên bản 13/01/2026,0
126,HCQT di dời giường CC thay bằng 5 ghế đa năng,hanh_chanh,HCQT,,2026-01-13,2026-01-20,da_hoan_thanh,1,,Biên bản 13/01/2026,0
127,HCQT trang bị FaceID điểm danh giao ban tại Khoa Cấp cứu,hanh_chanh,HCQT,,2026-01-13,2026-01-20,da_hoan_thanh,1,,Biên bản 13/01/2026,0
128,HCQT quản lý bãi xe NV và kiểm soát xe đơn vị ngoài (115 + xe xây dựng),hanh_chanh,HCQT,,2026-01-13,2026-01-20,da_hoan_thanh,1,Bs Bảo Anh + anh Hữu kiểm soát,Biên bản 13/01/2026,0
129,HCQT quản lý và báo cáo điện nước hàng tuần cho BGĐ,quan_ly_khac,HCQT,,2026-01-13,2026-01-20,da_hoan_thanh,1,Giám sát mỗi ngày - báo tăng giảm đột xuất,Biên bản 13/01/2026,1
130,KHTH bổ sung thư ký ghi biên bản giao ban bệnh viện,quan_ly_khac,KHTH,,2026-01-13,2026-01-20,tre_deadline,1,,Biên bản 13/01/2026,0
131,KHTH giải trình việc Khoa Nội chưa chuyển xuống Cấp cứu,quan_ly_khac,KHTH,,2026-01-13,2026-01-16,tre_deadline,1,,Biên bản 13/01/2026,0
132,KHTH báo cáo tuần số BN tái khám (khám thai + phụ khoa + không tái khám),quan_ly_khac,KHTH,,2026-01-13,2026-01-20,dang_thuc_hien,1,,Biên bản 13/01/2026,1
133,KHTH + Điều dưỡng giám sát chuyển tuyến (đúng danh mục + phân tích lý do chuyển),quan_ly_khac,KHTH,Điều dưỡng,2026-01-13,2026-01-20,dang_thuc_hien,1,,Biên bản 13/01/2026,1
134,TCCB thu thập biên bản bàn giao nhân sự cũ-mới báo cáo BGĐ,quan_ly_khac,TCCB,,2026-01-13,2026-01-16,tre_deadline,2,,Biên bản 13/01/2026,0
135,TCCB phối hợp KHTH + Điều dưỡng làm lịch trực theo chuẩn CS1,quan_ly_khac,TCCB,KHTH|Điều dưỡng,2026-01-13,2026-01-20,tre_deadline,1,,Biên bản 13/01/2026,0
136,TCCB xây dựng KPI phòng khám (tái khám + 5000 khám đoàn sức khỏe Q1.2027),quan_ly_khac,TCCB,,2026-01-13,2026-01-20,tre_deadline,1,,Biên bản 13/01/2026,0
137,TCCB làm việc với BV Lê Văn Thịnh về lịch giao ban khoa cuối giờ chiều,quan_ly_khac,TCCB,,2026-01-13,2026-01-20,tre_deadline,1,,Biên bản 13/01/2026,0
138,TCCB cử luân phiên nhân sự K.PHCN xuống học tập PHCN và YHCT tại CS2,quan_ly_khac,TCCB,,2026-01-13,2026-01-20,tre_deadline,1,,Biên bản 13/01/2026,0
139,GMHS phụ trách hành chính CC và đào tạo cấp cứu đa khoa cho nhân sự GMHS,hanh_chanh,GMHS,K.Cấp cứu,2026-01-13,2026-01-20,tre_deadline,1,,Biên bản 13/01/2026,0
140,KSNK xây dựng quy trình kiểm soát nhiễm khuẩn và đường đi chất thải toàn viện,chuyen_mon,KSNK,,2026-01-13,2026-01-20,tre_deadline,1,,Biên bản 13/01/2026,0
141,TCCB mời Bs Châu khảo sát KSNK + gửi báo cáo cho BGĐ,quan_ly_khac,TCCB,KSNK,2026-01-13,2026-01-20,tre_deadline,1,,Biên bản 13/01/2026,0
142,VTTBYT làm tờ trình khu vực bình Oxy (an toàn + vệ sinh + KSNK đúng quy định),chuyen_mon,VTTBYT,,2026-01-13,2026-01-20,tre_deadline,1,,Biên bản 13/01/2026,0
143,KHTH + Điều dưỡng bố trí trực Tết và chuẩn bị khu khám bệnh tại CC,hanh_chanh,KHTH,Điều dưỡng,2026-01-13,2026-03-15,da_hoan_thanh,1,,Biên bản 13/01/2026,0
144,XN báo cáo xét nghiệm thực hiện nhiều nhất và đề xuất danh mục XN cần thiết,chuyen_mon,XN,,2026-01-13,2026-01-20,tre_deadline,1,,Biên bản 13/01/2026,0
145,K.Cấp cứu + KSNK trình phương án di dời phòng xử lý dụng cụ và quy trình xử lý,chuyen_mon,K.Cấp cứu,KSNK,2026-01-13,2026-01-20,da_hoan_thanh,1,,Biên bản 13/01/2026,0
146,Đoàn Thanh Niên phối hợp HCQT vệ sinh và tăng gia sản xuất mỗi tháng,quan_ly_khac,Đoàn Thanh Niên,HCQT,2026-01-13,2026-01-27,dang_thuc_hien,1,,Biên bản 13/01/2026,1
147,Bổ sung ghế chờ khu vực trước phòng khám Nội,hanh_chanh,HCQT,,2026-02-04,2026-02-10,da_hoan_thanh,1,,Biên bản 04/02/2026,0
148,Lắp bảng chỉ dẫn đến Nhà thuốc kích thước lớn tại vị trí dễ quan sát,hanh_chanh,HCQT,,2026-02-04,2026-02-10,da_hoan_thanh,1,,Biên bản 04/02/2026,0
149,Lắp màn hình TV khu vực bệnh nhân ngồi chờ lấy thuốc,hanh_chanh,HCQT,,2026-02-04,2026-02-10,da_hoan_thanh,1,,Biên bản 04/02/2026,0
150,Vệ sinh khu vực gầm cầu thang Nhà thuốc,hanh_chanh,HCQT,,2026-02-04,2026-02-10,da_hoan_thanh,1,,Biên bản 04/02/2026,0
151,Xử lý/di dời cây xanh bồn cây trước phòng khám YHCT,hanh_chanh,HCQT,,2026-02-04,2026-02-10,tre_deadline,1,,Biên bản 04/02/2026,0
152,Tăng cường hệ thống chiếu sáng khu vực X-quang,hanh_chanh,HCQT,,2026-02-04,2026-02-10,tre_deadline,1,,Biên bản 04/02/2026,0
153,Thu hồi và lưu kho tủ gỗ đỏ tại phòng HC và phòng trực các khoa,hanh_chanh,HCQT,,2026-02-04,2026-02-10,tre_deadline,1,,Biên bản 04/02/2026,0
154,Lắp bảng thông báo giờ khám bệnh kích thước lớn tại cổng BV,hanh_chanh,HCQT,,2026-02-04,2026-02-10,da_hoan_thanh,1,Sáng 07:00-11:30; Chiều 12:30-16:00,Biên bản 04/02/2026,0
155,Kẻ vạch chỉ dẫn lối vào/ra khu phân luồng tiếp nhận bệnh nhân,hanh_chanh,HCQT,Điều dưỡng,2026-02-04,2026-02-10,da_hoan_thanh,1,Khung Inox khu tiếp nhận,Biên bản 04/02/2026,0
156,Thiết kế và niêm yết Poster quy trình cấp phát thuốc; phân định ô nộp toa và ô nhận thuốc,hanh_chanh,Điều dưỡng,HCQT|Dược,2026-02-04,2026-02-10,da_hoan_thanh,1,Poster khổ lớn tại Khoa Dược,Biên bản 04/02/2026,0
157,Lắp đặt TV và ấn phẩm TTGDSK tại khu vực X-quang,hanh_chanh,HCQT,Điều dưỡng,2026-02-04,2026-02-10,da_hoan_thanh,1,,Biên bản 04/02/2026,0
158,Thay hệ thống ống tưới cây nhựa bằng ống kẽm/sắt chống nứt vỡ rò rỉ,hanh_chanh,HCQT,,2026-02-04,2026-02-10,da_hoan_thanh,1,,Biên bản 04/02/2026,0
159,Thay mới bản lề cửa cuối hành lang Khoa Ngoại,hanh_chanh,HCQT,,2026-02-04,2026-04-19,da_hoan_thanh,1,Hoàn thành,Biên bản 04/02/2026,0
160,Sơn lại lan can khu Cấp cứu/khu Phòng khám/khu C,hanh_chanh,HCQT,Đoàn Thanh niên,2026-02-04,2026-02-10,da_hoan_thanh,1,Hoàn thành,Biên bản 04/02/2026,0
161,Sơn trắng cửa sắt tủ điện/tủ mạng tại hành lang các khoa,hanh_chanh,HCQT,Đoàn Thanh niên,2026-02-04,2026-02-26,da_hoan_thanh,1,Hoàn thành,Biên bản 04/02/2026,0
162,Chuẩn hóa nội dung và hướng mũi tên bảng chỉ dẫn khu CC và Khoa Ngoại,hanh_chanh,HCQT,Điều dưỡng,2026-02-04,2026-02-18,da_hoan_thanh,1,Hoàn thành,Biên bản 04/02/2026,0
163,Thay toàn bộ ghế nhựa xanh bằng ghế Inox tại khu CC và Khoa Ngoại,hanh_chanh,HCQT,,2026-02-04,2026-02-10,da_hoan_thanh,1,,Biên bản 04/02/2026,0
164,Tháo dỡ toàn bộ quạt tại khu vực Cấp cứu,hanh_chanh,HCQT,,2026-02-04,2026-02-10,da_hoan_thanh,1,,Biên bản 04/02/2026,0
165,Đồng bộ sử dụng khăn trải giường màu trắng,hanh_chanh,Điều dưỡng,,2026-02-04,2026-02-10,da_hoan_thanh,1,,Biên bản 04/02/2026,0
166,Tăng cường bố trí Poster tuyên truyền TTGDSK tại khu Cấp cứu,hanh_chanh,Điều dưỡng,CTXH|HCQT,2026-02-04,2026-05-18,da_hoan_thanh,1,Phối hợp Phòng CTXH,Biên bản 04/02/2026,0
167,Thực hiện nghiêm túc chế độ báo cáo định kỳ (hoạt động chung + chuyên môn + chuyển tuyến),chuyen_mon,KHTH,,2026-02-04,2026-05-10,da_hoan_thanh,1,Thực hiện theo biểu mẫu báo cáo giao ban hằng ngày,Biên bản 04/02/2026,0
168,Báo cáo phân tích hiệu quả dịch vụ kỹ thuật hàng tuần,chuyen_mon,KHTH,,2026-02-04,2026-02-10,dang_thuc_hien,1,,Biên bản 04/02/2026,1
169,Rà soát quy trình chuyển tuyến; hạn chế tối đa chuyển tuyến Sản Phụ khoa,chuyen_mon,KHTH,,2026-02-04,2026-02-10,tre_deadline,1,,Biên bản 04/02/2026,0
170,Bổ sung chi tiết rõ ràng lý do chuyển viện trong hồ sơ bệnh án,chuyen_mon,KHTH,,2026-02-04,2026-02-10,tre_deadline,1,Bác sĩ chỉ định phải theo dõi đến khi BN quay lại,Biên bản 04/02/2026,0
171,Điều dưỡng liên hệ thăm hỏi nắm bắt tình trạng sức khỏe ca đã chuyển tuyến,chuyen_mon,Điều dưỡng,,2026-02-04,2026-02-10,da_hoan_thanh,1,,Biên bản 04/02/2026,0
172,Tổ chức chuyên đề sinh hoạt khoa học về Bệnh Động Kinh,chuyen_mon,KHTH,,2026-02-04,2026-04-08,da_hoan_thanh,1,,Biên bản 04/02/2026,0
173,Triển khai đưa vào hoạt động Phòng khám Nội thứ 3,chuyen_mon,KHTH,BS Bảo Anh|Điều dưỡng|HCQT,2026-02-04,2026-02-10,tre_deadline,1,"Thứ 2, thứ 3, thứ 6 hàng tuần.",Biên bản 04/02/2026,0
174,Bố trí Hộ sinh hoặc Điều dưỡng trực chuyên môn tại Phòng khám Nội,chuyen_mon,Điều dưỡng,,2026-02-04,2026-02-10,da_hoan_thanh,1,,Biên bản 04/02/2026,0
175,Rà soát thay thế Poster chuyên nghiệp tại phòng khám Sản (hình ảnh nhân viên BV),chuyen_mon,Điều dưỡng,,2026-02-04,2026-02-10,da_hoan_thanh,1,,Biên bản 04/02/2026,0
176,Tinh gọn quy trình cấp phát thuốc còn 02 bước; bố trí lại vị trí nộp/nhận toa,chuyen_mon,Dược,KHTH,2026-02-04,2026-02-10,da_hoan_thanh,1,,Biên bản 04/02/2026,0
177,Tăng cường giám sát tuân thủ trang phục y tế và đeo bảng tên NVYT,chuyen_mon,KHTH,Điều dưỡng,2026-02-04,2026-02-10,dang_thuc_hien,1,,Biên bản 04/02/2026,1
178,Xây dựng quy trình kỹ thuật nội soi; đăng ký DMKT nội soi với Sở Y tế,chuyen_mon,KHTH,,2026-02-04,2026-04-28,da_hoan_thanh,1,đã hoàn thành,Biên bản 04/02/2026,0
179,Xây dựng kịch bản và tổ chức diễn tập vận hành trước chuyển đổi khoa Nội/Ngoại/Nhi/Sản,chuyen_mon,KHTH,,2026-02-04,2026-02-10,tre_deadline,1,Role-play nhân viên đóng vai bệnh nhân,Biên bản 04/02/2026,0
180,Ban hành và chuẩn hóa quy trình Báo động đỏ nội viện và Cấp cứu hàng loạt,chuyen_mon,KHTH,,2026-02-04,2026-02-10,tre_deadline,1,,Biên bản 04/02/2026,0
181,Rà soát hoàn thiện quy trình cấp phát thuốc đảm bảo an toàn chính xác,chuyen_mon,Dược,KHTH|Điều dưỡng,2026-02-04,2026-02-10,da_hoan_thanh,1,,Biên bản 04/02/2026,0
182,Bố trí nhân sự hành chính nhập liệu HIS tại đơn vị Thận nhân tạo,chuyen_mon,Điều dưỡng,,2026-02-04,2026-03-10,da_hoan_thanh,1,Nhân sự của Bệnh viện thực hiện,Biên bản 04/02/2026,0
183,Xây dựng gói khám đánh giá sức khỏe tổng quát định kỳ cho bệnh nhân chạy thận,chuyen_mon,KHTH,K.Cấp cứu,2026-02-04,2026-02-10,tre_deadline,1,Định kỳ 6 tháng và 1 năm; có hội chẩn chuyên môn,Biên bản 04/02/2026,0
184,Kiểm soát đẩy dữ liệu Thận nhân tạo lên Cổng Giám định BHYT kịp thời chính xác,chuyen_mon,KHTH,,2026-02-04,2026-02-10,dang_thuc_hien,2,Nhắc lại từ biên bản trước,Biên bản 04/02/2026,1
185,Báo cáo phân tích nguyên nhân lỗi BHYT xuất toán và phương án khắc phục,chuyen_mon,KHTH,,2026-02-04,2026-02-10,tre_deadline,1,,Biên bản 04/02/2026,0
186,Gỡ bỏ quy trình cũ TTYT CG; tháo móc treo tự phát; cấm võng và tủ lạnh cá nhân trong khu chuyên môn,chuyen_mon,KSNK,,2026-02-04,2026-02-10,tre_deadline,1,,Biên bản 04/02/2026,0
187,Trình phê duyệt hệ thống quy trình hướng dẫn KSNK tại từng khoa/phòng,chuyen_mon,KSNK,,2026-02-04,2026-02-10,tre_deadline,1,,Biên bản 04/02/2026,0
188,Sơn sửa cửa/tường khu sân phơi và khoa KSNK,chuyen_mon,HCQT,Đoàn Thanh niên|KSNK,2026-02-04,2026-02-10,da_hoan_thanh,1,,Biên bản 04/02/2026,0
189,Rà soát đề xuất trang bị/sửa chữa xe đẩy thu gom để xử lý tập trung,chuyen_mon,KSNK,,2026-02-04,2026-02-10,tre_deadline,1,,Biên bản 04/02/2026,0
190,Quy hoạch kho chứa rác thải đạt chuẩn Kho sạch 5S (không ứ nước; không mùi hôi),chuyen_mon,HCQT,,2026-02-04,2026-02-10,da_hoan_thanh,1,,Biên bản 04/02/2026,0
191,Rà soát toàn diện quy trình xử lý rác thải lây nhiễm/tái chế/y tế,chuyen_mon,KSNK,,2026-02-04,2026-02-10,tre_deadline,1,,Biên bản 04/02/2026,0
192,Rà soát hệ thống xử lý nước thải đảm bảo đầy đủ hồ sơ pháp lý môi trường,chuyen_mon,KSNK,,2026-02-04,2026-02-10,tre_deadline,1,KSNK chịu trách nhiệm chính về tính pháp lý,Biên bản 04/02/2026,0
193,Bác sĩ Châu triển khai giám sát và quản lý KSNK tại Cơ sở 2,chuyen_mon,KSNK,,2026-02-04,2026-02-10,dang_thuc_hien,1,,Biên bản 04/02/2026,1
194,Khoa Dược chủ trì triển khai tiêm chủng Nhi phối hợp KHTH,chuyen_mon,Dược,KHTH,2026-02-04,2026-02-10,da_hoan_thanh,1,,Biên bản 04/02/2026,0
195,Hoàn thiện thủ tục công bố đủ điều kiện tiêm chủng với cơ quan chức năng,chuyen_mon,KHTH,,2026-02-04,2026-02-10,tre_deadline,1,,Biên bản 04/02/2026,0
196,Xây dựng kế hoạch điểm tiêm chủng TUDU Vaccine mô hình dịch vụ chất lượng cao,chuyen_mon,Dược,KHTH|Điều dưỡng,2026-02-04,2026-02-10,da_hoan_thanh,1,,Biên bản 04/02/2026,0
197,Diễn tập báo động đỏ nội viện (KHTH chủ trì),chuyen_mon,KHTH,,2026-02-04,2026-02-10,tre_deadline,2,Nhắc lại từ biên bản 29/01,Biên bản 04/02/2026,0
198,Diễn tập cấp cứu hàng loạt (KHTH chủ trì),chuyen_mon,KHTH,,2026-02-04,2026-02-10,tre_deadline,2,Nhắc lại từ biên bản 29/01,Biên bản 04/02/2026,0
199,Diễn tập nhận bệnh và hoạt động sau khi chuyển đổi khoa Nội/Ngoại/Sản/Nhi,chuyen_mon,KHTH,,2026-02-04,2026-02-10,tre_deadline,1,,Biên bản 04/02/2026,0
200,Tầm soát bệnh lý toàn diện cho BN lão khoa/sản khoa/CC/thận nhân tạo,chuyen_mon,KHTH,,2026-02-04,2026-02-10,tre_deadline,1,,Biên bản 04/02/2026,0
201,Khoa Dược quản lý Kho tổng CS2 theo quy trình tương đương CS1,quan_ly_khac,Dược,,2026-02-04,2026-02-10,tre_deadline,1,,Biên bản 04/02/2026,0
202,Dược + VTTBYT + HCQT phân loại quy hoạch vật tư cùng nhóm vào chung một kho,quan_ly_khac,Dược,VTTBYT|HCQT,2026-02-04,2026-02-10,da_hoan_thanh,1,,Biên bản 04/02/2026,0
203,Thu gom kệ/tủ không còn sử dụng toàn viện để trang bị kho vật tư,quan_ly_khac,HCQT,,2026-02-04,2026-02-10,tre_deadline,1,,Biên bản 04/02/2026,0
204,Thu hồi bình Oxy di động và sơn lại vỏ bình theo quy chuẩn kỹ thuật an toàn,quan_ly_khac,VTTBYT,HCQT|Đoàn Thanh niên,2026-02-04,2026-02-10,da_hoan_thanh,1,⚠️ Báo cáo từ phòng phối hợp (HCQT) — cần kiểm tra lại với phòng chính (VTTBYT),Biên bản 04/02/2026,0
205,Thu gom và quy hoạch vị trí đặt bình PCCC (bình đỏ) tập trung đúng quy định,quan_ly_khac,HCQT,,2026-02-04,2026-02-10,da_hoan_thanh,1,,Biên bản 04/02/2026,0
206,Xử lý rác thải và thanh lý bàn ghế hư khu Nhà chứa Oxy và Nhà chứa rác,quan_ly_khac,HCQT,,2026-02-04,2026-02-10,da_hoan_thanh,1,,Biên bản 04/02/2026,0
207,KHTH + CTXH khảo sát mô hình khám đoàn tại Bệnh viện Lê Văn Thịnh,quan_ly_khac,KHTH,CTXH,2026-02-04,2026-02-10,tre_deadline,1,Học tập quy trình và kỹ năng tiếp cận khách hàng doanh nghiệp,Biên bản 04/02/2026,0
208,TCCB tham mưu chế tài BS chỉ định chuyển viện không theo dõi (đưa vào KPI và thi đua),quan_ly_khac,TCCB,,2026-02-04,2026-02-10,tre_deadline,1,,Biên bản 04/02/2026,0
209,Điều dưỡng trưởng rà soát và khắc phục đồng phục NVYT (size không chuẩn),quan_ly_khac,Điều dưỡng,,2026-02-04,2026-04-02,da_hoan_thanh,2,Nhắc lại; kiểu dáng và chất liệu đạt nhưng size không chuẩn,Biên bản 04/02/2026,0
210,TCCB ban hành quy chế ký duyệt giấy chuyển tuyến bắt buộc 2 chữ ký (KHTH + Trưởng CC),quan_ly_khac,TCCB,KHTH,2026-02-04,2026-02-10,tre_deadline,1,,Biên bản 04/02/2026,0
211,TCCB xây dựng biểu mẫu báo cáo công việc hàng tuần cho Bác sĩ,quan_ly_khac,TCCB,,2026-02-04,2026-02-10,dang_thuc_hien,1,Nội dung: đã hoàn thành; tồn đọng; khó khăn; kế hoạch tuần tới,Biên bản 04/02/2026,1
212,TCCB ra thông báo Tổ đấu thầu chuyển địa điểm làm việc về CS2,quan_ly_khac,TCCB,,2026-02-04,2026-02-10,tre_deadline,1,,Biên bản 04/02/2026,0
213,Phát động cuộc thi Tranh tường CS2 (mô hình Con đường Hạnh phúc; khung linh hoạt),quan_ly_khac,Công Đoàn,Điều dưỡng|CTXH|Đoàn Thanh niên,2026-02-04,2026-02-10,tre_deadline,1,Mỗi khoa/phòng phụ trách 1 mảng tường,Biên bản 04/02/2026,0
214,Lên kế hoạch trang trí Tết CS2 và giao lưu văn hóa với chính quyền/người dân địa phương,quan_ly_khac,Điều dưỡng,HCQT|Đoàn Thanh niên,2026-02-04,2026-02-10,da_hoan_thanh,1,⚠️ Báo cáo từ phòng phối hợp (HCQT) — cần kiểm tra lại với phòng chính (Điều dưỡng),Biên bản 04/02/2026,0
215,TCCB phối hợp đoàn thể thăm hỏi động viên BN khó khăn (Thận nhân tạo/Sản/Lão khoa),quan_ly_khac,TCCB,,2026-02-04,2026-02-10,tre_deadline,1,,Biên bản 04/02/2026,0
216,Rà soát thống nhất tên biển hiệu phòng chức năng Khoa Ngoại trú (Phòng nghỉ/Phòng trực/HC),quan_ly_khac,KHTH,HCQT,2026-02-04,2026-02-10,tre_deadline,1,,Biên bản 04/02/2026,0
217,VTTBYT báo cáo tiến độ lắp đặt và vận hành máy CT Scanner,quan_ly_khac,VTTBYT,,2026-02-04,2026-02-10,tre_deadline,2,Ông Toàn phụ trách; nhắc lại,Biên bản 04/02/2026,0
218,Bảo đảm an toàn; che chắn khu vực bồn nước sau cổng Phan Trọng Tuệ,hanh_chanh,HCQT,,2026-02-10,2026-02-13,tre_deadline,1,,Biên bản 10/02/2026,0
219,Sửa chữa tường bị thủng ở lối ra bên hông phòng khám,hanh_chanh,HCQT,,2026-02-10,2026-03-05,da_hoan_thanh,1,Hoàn thành,Biên bản 10/02/2026,0
220,Cải tạo 2 bồn cây trên mặt đất trước phòng khám YHCT,hanh_chanh,HCQT,,2026-02-10,2026-02-13,tre_deadline,2,Nhắc lại từ BB 04/02,Biên bản 10/02/2026,0
221,Bổ sung bảng cấm hút thuốc tại sảnh ngoài và dọc lối lên cấp cứu,hanh_chanh,HCQT,,2026-02-10,2026-02-13,da_hoan_thanh,1,,Biên bản 10/02/2026,0
222,Dọn dẹp 5S; di dời xe CC cũ hư; trang bị TV lớn phòng họp CC; làm quầy nước; bổ sung ảnh BGĐ,hanh_chanh,HCQT,,2026-02-10,2026-02-13,da_hoan_thanh,1,,Biên bản 10/02/2026,0
223,Trực tập trung tại khoa Cấp cứu (điều hành KHTH + Điều dưỡng + HCQT),hanh_chanh,KHTH,Điều dưỡng|HCQT,2026-02-10,2026-04-10,da_hoan_thanh,1,"Đã hoàn thành thông báo cho luân chuyển mới, thực hiện giám sát",Biên bản 10/02/2026,0
224,Chuyển khoa Sản xuống tầng trệt gần Cấp cứu trong tuần,hanh_chanh,KHTH,Điều dưỡng|HCQT,2026-02-10,2026-02-13,da_hoan_thanh,1,⚠️ Báo cáo từ phòng phối hợp (HCQT) — cần kiểm tra lại với phòng chính (KHTH),Biên bản 10/02/2026,0
225,Tích hợp phòng khám Sản + Phụ + Soi thành 1 phòng khám,hanh_chanh,KHTH,Điều dưỡng|HCQT,2026-02-10,2026-02-10,da_hoan_thanh,1,⚠️ Báo cáo từ phòng phối hợp (HCQT) — cần kiểm tra lại với phòng chính (KHTH),Biên bản 10/02/2026,0
226,HCQT chuyển tủ lạnh KSNK về đúng vị trí; tủ sắt đến kho văn phòng phẩm,chuyen_mon,HCQT,,2026-02-10,2026-02-13,da_hoan_thanh,1,,Biên bản 10/02/2026,0
227,KHTH + KSNK triển khai sử dụng đồ mổ 1 lần; dự trù chi phí vật tư 1 ca mổ,chuyen_mon,KHTH,KSNK,2026-02-10,2026-02-13,tre_deadline,1,,Biên bản 10/02/2026,0
228,KSNK + GMHS triển khai hộp đựng dụng cụ mổ Container lưu tại phòng mổ,chuyen_mon,KSNK,GMHS,2026-02-10,2026-02-13,tre_deadline,1,,Biên bản 10/02/2026,0
229,KSNK + HCQT rà soát và trang bị kệ/tủ Inox đựng dụng cụ toàn viện,chuyen_mon,KSNK,HCQT,2026-02-10,2026-02-13,tre_deadline,1,,Biên bản 10/02/2026,0
230,Xây dựng quy trình chuyên môn triển khai sổ sức khỏe,chuyen_mon,KHTH,K.Cấp cứu,2026-02-10,2026-02-13,tre_deadline,1,,Biên bản 10/02/2026,0
231,Triển khai sổ khám sức khỏe toàn diện cho nhóm nguy cơ cao trước Tết,chuyen_mon,KHTH,BS Bảo Anh,2026-02-10,2026-02-13,tre_deadline,1,NB CC/lão khoa/sản phụ khoa/Nhi/PHCN/YHCT,Biên bản 10/02/2026,0
232,Lên lịch Hội chẩn hàng tuần cho BS Giám đốc và BS Bảo Anh tại CS2,chuyen_mon,KHTH,,2026-02-10,2026-02-13,dang_thuc_hien,1,Giải quyết khó khăn chuyên môn CS2,Biên bản 10/02/2026,1
233,Sắp xếp lại phòng Phun Khí Dung đúng chuẩn (bàn ghế),chuyen_mon,KHTH,,2026-02-10,2026-02-13,tre_deadline,1,,Biên bản 10/02/2026,0
234,Làm công văn gửi BV Ung Bướu phối hợp điều trị các ca ung thư tại CS2,chuyen_mon,KHTH,,2026-02-10,2026-02-13,tre_deadline,1,,Biên bản 10/02/2026,0
235,Làm bảng kiểm trước chuyển tuyến; theo dấu và gọi điện BN chuyển tuyến,chuyen_mon,KHTH,Điều dưỡng,2026-02-10,2026-02-13,tre_deadline,2,Nhắc lại; bảng kiểm gồm lý do/theo dõi/hình thức/quyền lợi NB,Biên bản 10/02/2026,0
236,BS KHTH + BS Trưởng CC xuống khám lại các ca chuyển tuyến,chuyen_mon,KHTH,K.Cấp cứu,2026-02-10,2026-02-13,tre_deadline,1,,Biên bản 10/02/2026,0
237,KHTH + BS Trưởng CC liên hệ BV Lê Văn Thịnh về nhân sự thực hiện nội soi,chuyen_mon,KHTH,K.Cấp cứu,2026-02-10,2026-02-13,tre_deadline,1,,Biên bản 10/02/2026,0
238,GMHS + KHTH triển khai nội soi tiêu hóa không đau; học tập và đào tạo tại BV Lê Văn Thịnh,chuyen_mon,GMHS,KHTH,2026-02-10,2026-02-13,tre_deadline,1,Tiêu hóa trên và tiêu hóa dưới,Biên bản 10/02/2026,0
239,KHTH ưu tiên trình gấp các DMKT cần thiết,chuyen_mon,KHTH,,2026-02-10,2026-02-13,tre_deadline,1,,Biên bản 10/02/2026,0
240,KHTH báo cáo phân tích chi tiết tình hình chuyển viện và theo dấu người bệnh,chuyen_mon,KHTH,,2026-02-10,2026-02-13,tre_deadline,2,Nhắc lại; phân tích chi tiết hơn,Biên bản 10/02/2026,0
241,KHTH báo cáo phân tích + giải pháp + tiến độ chuyển cổng BHXH và thận nhân tạo,chuyen_mon,KHTH,,2026-02-10,2026-02-13,tre_deadline,2,Nhắc lại,Biên bản 10/02/2026,0
242,KHTH + CNTT + Isoft giảm lỗi thao tác HIS xuống 0; giảm lỗi kỹ thuật 50% sau Tết,chuyen_mon,KHTH,CNTT,2026-02-10,2026-02-13,tre_deadline,1,,Biên bản 10/02/2026,0
243,KHTH triển khai diễn tập hàng tuần: báo động đỏ và đa chấn thương,chuyen_mon,KHTH,,2026-02-10,2026-02-13,dang_thuc_hien,3,đang thực hiện,Biên bản 10/02/2026,1
244,KHTH triển khai diễn tập CC hàng loạt: ngưng tim/ngưng thở/ngộ độc/tai nạn lao động,chuyen_mon,KHTH,,2026-02-10,2026-02-13,tre_deadline,3,Nhắc lại lần 3; hằng tuần cho tất cả NVYT,Biên bản 10/02/2026,0
245,TCCB + KHTH + ĐD chia lịch; phối hợp HCQT + ĐTN lập lịch cải tạo vệ sinh khu vực làm việc,quan_ly_khac,TCCB,KHTH|Điều dưỡng|HCQT|Đoàn Thanh niên,2026-02-10,2026-02-13,tre_deadline,1,,Biên bản 10/02/2026,0
246,ĐTN phối hợp HCQT lên lịch chăm sóc vườn thuốc và vườn cây sau Tết,quan_ly_khac,Đoàn Thanh niên,HCQT|Điều dưỡng,2026-02-10,2026-02-13,tre_deadline,1,,Biên bản 10/02/2026,0
247,KHTH + TCCB lên lịch và giám sát BS trực các khoa tập trung tại CC ca tối,quan_ly_khac,KHTH,TCCB,2026-02-10,2026-02-13,dang_thuc_hien,1,,Biên bản 10/02/2026,1
248,Điều dưỡng quản lý giấy chuyển viện,quan_ly_khac,Điều dưỡng,,2026-02-10,2026-10-02,da_hoan_thanh,1,Phối hợp phòng KHTH + Điều dưỡng,Biên bản 10/02/2026,1
249,KHTH + CTXH học tập khám đoàn tại BV Lê Văn Thịnh trước Tết; báo cáo GĐ sau Tết,quan_ly_khac,KHTH,CTXH,2026-02-10,2026-02-13,tre_deadline,2,Nhắc lại từ BB 04/02,Biên bản 10/02/2026,0
250,TCCB rà soát triển khai nhân sự đi từ 3 tháng trở lên (không đi 1 tháng hay tuần),quan_ly_khac,TCCB,,2026-02-10,2026-02-13,tre_deadline,3,Nhắc lại BB 05/05/2026: quyết định thời gian công tác ít nhất 3 tháng đặc biệt cấp trưởng/lãnh đạo,Biên bản 10/02/2026,0
251,TCCB + KHTH + Điều dưỡng rà soát lịch trực Tết; đặc biệt Thận nhân tạo,quan_ly_khac,TCCB,KHTH|Điều dưỡng,2026-02-10,2026-02-13,tre_deadline,1,,Biên bản 10/02/2026,0
252,HCQT đảm bảo ăn uống nhân viên trong Tết không bị gián đoạn,quan_ly_khac,HCQT,,2026-02-10,2026-02-13,da_hoan_thanh,1,,Biên bản 10/02/2026,0
253,Công Đoàn + TCCB + ĐTN + ĐD + CTXH lên kế hoạch thăm sản phụ đã sanh và BN khó khăn,quan_ly_khac,Công Đoàn,TCCB|Đoàn Thanh niên|Điều dưỡng|CTXH,2026-02-10,2026-02-13,tre_deadline,1,,Biên bản 10/02/2026,0
254,TCCB xây dựng kế hoạch đội ngũ quản lý nòng cốt tại CS2,quan_ly_khac,TCCB,,2026-02-10,2026-02-13,tre_deadline,1,,Biên bản 10/02/2026,0
255,TCCB quản lý nhân sự trực và làm việc của CC115 tại BV,quan_ly_khac,TCCB,,2026-02-10,2026-02-13,dang_thuc_hien,1,,Biên bản 10/02/2026,1
256,VTTBYT quản lý trang thiết bị CC115 tại BV,quan_ly_khac,VTTBYT,,2026-02-10,2026-02-13,dang_thuc_hien,1,,Biên bản 10/02/2026,1
257,HCQT giám sát danh sách nhân viên ra vào và xe cấp cứu CC115,quan_ly_khac,HCQT,,2026-02-10,2026-02-13,da_hoan_thanh,1,,Biên bản 10/02/2026,0
258,HCQT + Điều dưỡng bố trí nhân sự nữ khu nghỉ nhân viên; nhân sự nam khu bảo vệ sau cải tạo,quan_ly_khac,HCQT,Điều dưỡng,2026-02-10,2026-02-13,da_hoan_thanh,1,Cổng Phan Trọng Tuệ,Biên bản 10/02/2026,0
259,HCQT + CNTT bố trí khu họp và sạc điện TTB tại CC; lưu ý PCCC,quan_ly_khac,HCQT,CNTT,2026-02-10,2026-02-13,da_hoan_thanh,1,,Biên bản 10/02/2026,0
260,KHTH + HCQT lắp đặt biển chỉ dẫn đường bộ 3 vị trí đến BVTD CS2,hanh_chanh,KHTH,HCQT,2026-02-25,2026-03-03,tre_deadline,1,Phối hợp HCQT liên hệ địa phương : thống nhất vị trí lắp đặt,Biên bản 25/02/2026,0
261,HCQT + KHTH thiết kế và lắp bảng thông tin khổ lớn tại cổng chính (Tiêm chủng + KSK),hanh_chanh,HCQT,KHTH,2026-02-25,2026-03-03,da_hoan_thanh,1,Giới thiệu Từ Dũ Vaccine và dịch vụ khám sức khỏe tổng quát,Biên bản 25/02/2026,0
262,KHTH ký kết MOU với Trạm Y tế xã huyện Cần Giờ về chuyển tuyến và chia sẻ CLS,chuyen_mon,KHTH,,2026-02-25,2026-03-03,dang_thuc_hien,1,Đã làm tờ trình xin chủ trương,Biên bản 25/02/2026,0
263,KHTH khẩn trương đăng ký bổ sung DMKT nội soi TMH và tiêu hóa (trên và dưới) với Sở Y tế,chuyen_mon,KHTH,,2026-02-25,2026-04-15,da_hoan_thanh,2,Nhắc lại; mở rộng thêm nội soi TMH,Biên bản 25/02/2026,0
264,KHTH + Điều dưỡng tổ chức gói khám tầm soát chuyên sâu cho nhóm nguy cơ cao,chuyen_mon,KHTH,Điều dưỡng,2026-02-25,2026-03-03,tre_deadline,1,NCT/PHCN/YHCT/Sản-Phụ khoa,Biên bản 25/02/2026,0
265,Áp dụng mô hình luân chuyển khép kín: PK tổng quát → CK → tổng hợp kết thúc hồ sơ,chuyen_mon,KHTH,CTXH,2026-02-25,2026-03-03,tre_deadline,1,Phối hợp CTXH triển khai truyền thông,Biên bản 25/02/2026,0
266,KHTH + BS Trưởng CC xây dựng phác đồ Tim mạch và Lão khoa; lập kế hoạch CK Lão khoa dài hạn,chuyen_mon,KHTH,K.Cấp cứu,2026-02-25,2026-03-03,tre_deadline,1,,Biên bản 25/02/2026,0
267,KHTH thẩm định chi tiết các ca chuyển viện đặc biệt nhồi máu cơ tim,chuyen_mon,KHTH,,2026-02-25,2026-03-03,tre_deadline,2,Nhắc lại; đánh giá tình trạng nhập viện và can thiệp trước khi chuyển,Biên bản 25/02/2026,0
268,KHTH thiết lập kênh liên lạc trực tiếp với BV Nhân dân 115 và các cơ sở tiếp nhận,chuyen_mon,KHTH,,2026-02-25,2026-03-03,tre_deadline,1,Theo quy chuẩn đang áp dụng tại CS1,Biên bản 25/02/2026,0
269,KHTH + Điều dưỡng ban hành quy chuẩn theo dõi BN từ chuyển viện đến tái khám; bắt buộc Bilan trước chuyển,chuyen_mon,KHTH,Điều dưỡng,2026-02-25,2026-03-03,tre_deadline,2,Nhắc lại; các ca chuyển viện báo cáo trong giao ban sáng hàng ngày,Biên bản 25/02/2026,0
270,KHTH + Dược + Điều dưỡng triển khai tiêm chủng đa khoa Nhi và người lớn; phối hợp BV LVT,chuyen_mon,KHTH,Dược|Điều dưỡng,2026-02-25,2026-03-03,tre_deadline,2,Nhắc lại; phối hợp BV Lê Văn Thịnh điều phối vaccine khi thiếu hụt,Biên bản 25/02/2026,0
271,KHTH + Điều dưỡng + HCQT rà soát layout khu tiêm chủng; HCQT lắp bảng hiệu Từ Dũ Vaccine,chuyen_mon,HCQT,KHTH|Điều dưỡng,2026-02-25,2026-03-03,da_hoan_thanh,1,,Biên bản 25/02/2026,0
272,KHTH lập Đề án điều trị trong ngày và lưu bệnh tại Khoa CC (đảm bảo thanh quyết toán BHYT),chuyen_mon,KHTH,,2026-02-25,2026-03-03,tre_deadline,1,,Biên bản 25/02/2026,0
273,Tổ chức định kỳ hàng tuần diễn tập Code Red/Code Blue ứng phó thảm họa và CC hàng loạt,chuyen_mon,KHTH,,2026-02-25,2026-03-03,dang_thuc_hien,3,Nhắc lại lần 3; ví dụ: tai nạn lao động; sập giàn giáo,Biên bản 25/02/2026,1
274,TCCB lập Kế hoạch sự kiện Tổng kết Quý I BVTD CS2 (chiều T2 09/03/2026),chuyen_mon,TCCB,,2026-02-25,2026-03-09,tre_deadline,1,,Biên bản 25/02/2026,0
275,HCQT chủ trì tổ chức phong trào Tết trồng cây CS2 (kết hợp Tổng kết Q1 09/03/2026),chuyen_mon,HCQT,,2026-02-25,2026-03-09,da_hoan_thanh,1,,Biên bản 25/02/2026,0
276,KHTH chuẩn bị báo cáo tổng kết 3 tháng bằng hình ảnh và số liệu tiêu biểu,chuyen_mon,KHTH,VTTBYT|HCQT|Điều dưỡng|TCKT|TCCB,2026-02-25,2026-03-09,da_hoan_thanh,1,⚠️ Báo cáo từ phòng phối hợp (HCQT) — cần kiểm tra lại với phòng chính (KHTH),Biên bản 25/02/2026,0
277,TCCB bổ sung Điều dưỡng/hộ sinh học việc quản lý hành chính Thận nhân tạo CS2,quan_ly_khac,TCCB,,2026-02-25,2026-02-27,tre_deadline,1,Triển khai T6 27/02/2026,Biên bản 25/02/2026,0
278,TCCB ra quyết định chính thức Khoa Dược quản lý kho CS2,quan_ly_khac,TCCB,,2026-02-25,2026-03-03,tre_deadline,2,Nhắc lại; ra quyết định chính thức,Biên bản 25/02/2026,0
279,TCCB cử nhân sự học tập Nội Soi tại Bệnh viện Lê Văn Thịnh,quan_ly_khac,TCCB,,2026-02-25,2026-03-03,tre_deadline,1,,Biên bản 25/02/2026,0
280,TCCB tuyển dụng 1-2 Bác sĩ Nội và 1 Bác sĩ Thận nhân tạo,quan_ly_khac,TCCB,,2026-02-25,2026-03-11,tre_deadline,1,,Biên bản 25/02/2026,0
281,HCQT bố trí khay cát/sỏi trắng tại khu vực Cấp cứu phục vụ vệ sinh môi trường,hanh_chanh,HCQT,,2026-03-03,2026-03-10,da_hoan_thanh,1,,Biên bản 2026-03-03,0
282,HCQT thiết kế và lắp đặt bảng thông báo tiêm chủng theo tiêu chuẩn chuyên nghiệp tham chiếu mô hình VNVC,hanh_chanh,HCQT,,2026-03-03,2026-03-10,da_hoan_thanh,1,,Biên bản 2026-03-03,0
283,HCQT phối hợp KSNK rà soát toàn diện hệ thống xử lý nước thải; đề xuất phương án vận hành tối ưu và tuân thủ pháp luật,hanh_chanh,HCQT,KSNK,2026-03-03,2026-03-10,da_hoan_thanh,1,,Biên bản 2026-03-03,0
284,KHTH xây dựng hệ thống phác đồ điều trị Lão khoa,chuyen_mon,KHTH,,2026-03-03,2026-03-10,tre_deadline,1,,Biên bản 2026-03-03,0
285,KHTH triển khai đào tạo chuyên khoa Nội cho đội ngũ bác sĩ Gây mê Hồi sức,chuyen_mon,KHTH,GMHS,2026-03-03,2026-03-10,tre_deadline,1,,Biên bản 2026-03-03,0
286,"KHTH + TCCB thiết lập KPI đánh giá bác sĩ: tỷ lệ tầm soát bệnh, hiệu quả chuyển viện, tư vấn tái khám; phối hợp đánh giá với 08 BV đối tác",quan_ly_khac,KHTH,TCCB,2026-03-03,2026-03-10,tre_deadline,1,,Biên bản 2026-03-03,0
287,"KHTH + Cấp cứu triển khai lộ trình tầm soát sức khỏe theo tháng/quý trong Sổ sức khỏe điện tử; ưu tiên Nhi, NCT, nữ trên 50 tuổi",chuyen_mon,KHTH,K.Cấp cứu,2026-03-03,2026-03-10,dang_thuc_hien,1,,Biên bản 2026-03-03,1
288,"KHTH + Điều dưỡng + HCQT nghiên cứu và thí điểm dịch vụ gia tăng (cá nhân hóa, sự riêng tư) tại YHCT và PHCN",quan_ly_khac,KHTH,Điều dưỡng|HCQT,2026-03-03,2026-03-10,tre_deadline,1,,Biên bản 2026-03-03,0
289,"TCCB thành lập đoàn công tác khảo sát mô hình Thận nhân tạo tại BV ĐH Y Dược, BV LVT, BV 115, BV Nguyễn Tri Phương",quan_ly_khac,TCCB,KHTH,2026-03-03,2026-03-10,tre_deadline,1,,Biên bản 2026-03-03,0
290,CTXH + QLCL thực hiện khảo sát báo cáo ý kiến người dân; sản xuất video clip truyền thông làm nổi bật ca lâm sàng khó và tính tối ưu chi phí điều trị tại CS2,quan_ly_khac,CTXH,QLCL,2026-03-03,2026-03-10,tre_deadline,1,,Biên bản 2026-03-03,0
291,"TCCB ban hành Quy định quản lý nhà nghỉ nhân viên phù hợp thực tế CS2 (tiêu chuẩn vệ sinh, sử dụng điện, sinh hoạt)",quan_ly_khac,TCCB,,2026-03-03,2026-03-10,tre_deadline,1,,Biên bản 2026-03-03,0
292,TCCB xây dựng phương án cho nhân viên tham gia bầu cử đảm bảo hoạt động khám chữa bệnh ổn định,quan_ly_khac,TCCB,,2026-03-03,2026-03-10,tre_deadline,1,,Biên bản 2026-03-03,0
293,"Điều dưỡng + KHTH + CTXH phối hợp Hội Phụ nữ địa phương triển khai truyền thông chiến dịch tiêm chủng và khám sức khỏe tại cộng đồng (xã, ấp)",chuyen_mon,Điều dưỡng,KHTH|CTXH,2026-03-03,2026-04-17,da_hoan_thanh,1,,Biên bản 2026-03-03,0
294,HCQT sơn lại các mảng tường bị lỗi tại khoa Cấp cứu,hanh_chanh,HCQT,,2026-03-10,2026-03-17,da_hoan_thanh,1,,Biên bản 2026-03-10,0
295,HCQT cung cấp tủ locker sơn trắng tại khu Cấp cứu cho bệnh nhân để đồ,hanh_chanh,HCQT,,2026-03-10,2026-03-17,da_hoan_thanh,1,,Biên bản 2026-03-10,0
296,HCQT kiểm tra sửa chữa thang rác,hanh_chanh,HCQT,,2026-03-10,2026-03-17,tre_deadline,1,,Biên bản 2026-03-10,0
297,HCQT bố trí thêm bàn và ghế trước các khoa nội trú cho bệnh nhân và thân nhân ngồi ăn,hanh_chanh,HCQT,,2026-03-10,2026-03-17,tre_deadline,1,,Biên bản 2026-03-10,0
298,HCQT bố trí thêm 15-20 ghế tiện ích cho người nhà nội trú,hanh_chanh,HCQT,,2026-03-10,2026-05-12,da_hoan_thanh,1,,Biên bản 2026-03-10,0
299,HCQT rà soát hệ thống nước phòng mổ bị rò rỉ tại khu vực vệ sinh,hanh_chanh,HCQT,,2026-03-10,2026-03-17,da_hoan_thanh,1,,Biên bản 2026-03-10,0
300,HCQT + K.XN dán decal hoặc lắp rèm lưới tại cửa sổ phòng xét nghiệm (chắn nắng không cản thông khí),hanh_chanh,HCQT,XN,2026-03-10,2026-03-17,da_hoan_thanh,1,,Biên bản 2026-03-10,0
301,"K.XN thực hiện nghiêm ngặt tiêu chuẩn 5S: tuân thủ quy chuẩn chất lượng XN, vệ sinh gầm bàn/hộc tủ, chuẩn hóa bồn rửa tay (chỉ dán hướng dẫn rửa tay BYT)",chuyen_mon,XN,,2026-03-10,2026-03-17,tre_deadline,1,,Biên bản 2026-03-10,0
302,K.XN ban hành và niêm yết đầy đủ quy trình thao tác chuẩn tại vị trí làm việc phòng lab,chuyen_mon,XN,,2026-03-10,2026-03-17,tre_deadline,1,,Biên bản 2026-03-10,0
303,K.XN + VTTBYT + CNTT rà soát và tinh gọn số lượng máy tính và máy in tại phòng lab,quan_ly_khac,XN,VTTBYT|CNTT,2026-03-10,2026-03-17,tre_deadline,1,,Biên bản 2026-03-10,0
304,K.XN + VTTBYT đánh giá lại vị trí đặt tủ lạnh bảo quản sinh phẩm; quy hoạch tập trung đồng bộ chủng loại tủ,chuyen_mon,XN,VTTBYT,2026-03-10,2026-03-17,tre_deadline,1,,Biên bản 2026-03-10,0
305,"K.XN bố trí lại khu vực ghế ngồi hành chính XN đảm bảo an toàn, không bị cản trở bởi bán kính mở cửa phòng lab",hanh_chanh,XN,,2026-03-10,2026-03-17,tre_deadline,1,,Biên bản 2026-03-10,0
306,"K.XN rà soát toàn bộ máy móc: dán logo BV Từ Dũ, decal tên máy, chuẩn hóa vị trí dán barcode tài sản ở mặt sau máy",quan_ly_khac,XN,,2026-03-10,2026-03-17,tre_deadline,1,,Biên bản 2026-03-10,0
307,"KHTH rà soát luồng di chuyển bệnh nhân tại phòng Siêu âm (lối vào, lối ra, phân khu khu vực)",chuyen_mon,KHTH,,2026-03-10,2026-03-17,tre_deadline,1,,Biên bản 2026-03-10,0
308,KHTH trình kế hoạch đào tạo thường xuyên BS Sản học khám Nội,chuyen_mon,KHTH,,2026-03-10,2026-03-17,tre_deadline,1,,Biên bản 2026-03-10,0
309,HCQT + Điều dưỡng chuyển đổi tên gọi và hoán đổi vị trí phòng khám Sản với phòng hành chính khoa Sản,hanh_chanh,HCQT,Điều dưỡng,2026-03-10,2026-03-17,da_hoan_thanh,1,,Biên bản 2026-03-10,0
310,Khoa Dược + CNTT + Điều phối triển khai số thứ tự lấy thuốc; điều phối hẹn thời điểm lấy thuốc để giảm ùn ứ nhà thuốc,chuyen_mon,Dược,CNTT,2026-03-10,2026-03-17,da_hoan_thanh,1,,Biên bản 2026-03-10,0
311,"Khoa Dược + KHTH thiết lập chuỗi cung ứng dược phẩm với BV YHCT và BV LVT (thuốc thang, thuốc sắc theo phác đồ cá nhân, quản lý tồn kho đệm)",chuyen_mon,Dược,KHTH,2026-03-10,2026-03-17,da_hoan_thanh,1,,Biên bản 2026-03-10,0
312,TCCB + KHTH thành lập tổ BHYT tại BVTDCS2,quan_ly_khac,TCCB,KHTH,2026-03-10,2026-03-17,tre_deadline,1,,Biên bản 2026-03-10,0
313,"TCCB + KHTH thành lập đoàn trao đổi học tập tại BV Lê Văn Thịnh về Bảo hiểm y tế (ít nhất 3 buổi, đến khi không bị xuất toán)",quan_ly_khac,TCCB,KHTH,2026-03-10,2026-03-17,tre_deadline,1,,Biên bản 2026-03-10,0
314,KHTH + TCCB rà soát và tinh chỉnh nội quy cấp cứu phù hợp với BVTDCS2,quan_ly_khac,KHTH,TCCB,2026-03-10,2026-03-17,tre_deadline,1,,Biên bản 2026-03-10,0
315,"KSNK ban hành quy định cụ thể thu gom rác và thời gian giao nhận tập trung (sáng sau 11g30, chiều sau 16g)",chuyen_mon,KSNK,Điều dưỡng,2026-03-10,2026-03-17,tre_deadline,1,,Biên bản 2026-03-10,0
316,CTXH phát triển nội dung truyền thông phát triển khoa Nội và các bệnh nội khoa tại BVTDCS2,quan_ly_khac,CTXH,,2026-03-10,2026-03-17,tre_deadline,1,,Biên bản 2026-03-10,0
317,KHTH + HCQT trình lại nội quy chuyển viện đúng quy định và dễ hiểu,quan_ly_khac,KHTH,HCQT,2026-03-10,2026-03-17,tre_deadline,1,,Biên bản 2026-03-10,0
318,"KHTH rà soát thực tế và báo cáo theo dấu chân người bệnh đối với tiêm ngừa, khám sức khỏe và tầm soát toàn diện",quan_ly_khac,KHTH,,2026-03-10,2026-03-17,tre_deadline,1,,Biên bản 2026-03-10,0
319,TCCB lập lịch trực đêm Ban điều hành CS2 mỗi tuần,quan_ly_khac,TCCB,,2026-03-10,2026-03-17,dang_thuc_hien,1,,Biên bản 2026-03-10,1
320,Báo cáo tuần phân tích chi tiết các nhóm xét nghiệm theo phòng khám và khoa (XN tại CS2 và tại CS1),quan_ly_khac,XN,KHTH,2026-03-16,2026-03-24,dang_thuc_hien,1,,Biên bản 2026-03-16,1
321,"HCQT + VTTBYT rà soát, kiểm đếm, báo cáo danh sách chi tiết thiết bị Inox tại tất cả khu vực bệnh viện",hanh_chanh,HCQT,VTTBYT,2026-03-16,2026-03-24,tre_deadline,1,,Biên bản 2026-03-16,0
322,Điều dưỡng + HCQT điều chỉnh kê nhiều nhất 2 giường trong 1 phòng khoa Sản,hanh_chanh,Điều dưỡng,HCQT,2026-03-16,2026-03-16,da_hoan_thanh,1,,Biên bản 2026-03-16,0
323,HCQT sửa cửa ra vào khoa Sản thành cửa có thể khóa,hanh_chanh,HCQT,,2026-03-16,2026-03-24,tre_deadline,1,,Biên bản 2026-03-16,0
324,Chuyển đổi công năng phòng khám Sản thành phòng hậu sản,hanh_chanh,HCQT,Điều dưỡng,2026-03-16,2026-03-24,da_hoan_thanh,1,,Biên bản 2026-03-16,0
325,Làm bảng mica để bàn Tạm Ngưng tại khu tiếp nhận CC115 khi đi ngoại viện,hanh_chanh,HCQT,,2026-03-16,2026-03-24,da_hoan_thanh,1,,Biên bản 2026-03-16,0
326,HCQT + Điều dưỡng làm lại hệ thống rèm khu hồi sức Cấp cứu để tăng tính riêng tư nam và nữ,hanh_chanh,HCQT,Điều dưỡng,2026-03-16,2026-03-24,dang_thuc_hien,1,⚠️ Báo cáo từ phòng phối hợp (DD) — cần kiểm tra lại với phòng chính (HCQT) | Chờ HCQT mời bên công ty vào đo,Biên bản 2026-03-16,0
327,HCQT + KHTH + Điều dưỡng triển khai phòng lưu tại khu hồi sức Cấp cứu; lưu ý thanh toán BHYT,chuyen_mon,HCQT,KHTH|Điều dưỡng,2026-03-16,2026-03-24,tre_deadline,1,,Biên bản 2026-03-16,0
328,KHTH + Điều dưỡng triển khai 100% khám sức khỏe toàn diện vào 01/04/2026; thông báo giao ban và báo cáo BGĐ mỗi tuần,chuyen_mon,KHTH,Điều dưỡng,2026-03-16,2026-04-01,dang_thuc_hien,1,,Biên bản 2026-03-16,1
329,KHTH + TCKT triển khai giảm đau sản khoa (đẻ không đau) được thanh toán BHYT,chuyen_mon,KHTH,TCKT,2026-03-16,2026-04-14,da_hoan_thanh,1,Bs Ngọc Hải đã duyệt Tờ trình chủ  trương,Biên bản 2026-03-16,0
330,HCQT + VTTBYT triển khai cơ sở vật chất và trang thiết bị phục vụ Nội soi TMH và Nội soi Tiêu hóa trên/dưới,hanh_chanh,HCQT,VTTBYT,2026-03-16,2026-03-24,da_hoan_thanh,1,,Biên bản 2026-03-16,0
331,Các ca chuyển viện: KHTH cho bệnh nhân ký phiếu cam kết đã được tư vấn đầy đủ nhưng vẫn muốn chuyển,chuyen_mon,KHTH,,2026-03-16,2026-05-18,da_hoan_thanh,1,Đã triển khai theo chỉ đạo.,Biên bản 2026-03-16,0
332,"TCCB + ban điều hành trình kế hoạch phát triển dịch vụ trước 01/04/2026 (mục tiêu Q3/2026: 1000 BN/ngày, 5000 KSK/tháng) có cam kết KPI",quan_ly_khac,TCCB,,2026-03-16,2026-04-01,tre_deadline,1,,Biên bản 2026-03-16,0
333,KHTH + TCCB ban hành văn bản bắt buộc BN trên 65 tuổi sau khám Nội phải hội chẩn với YHCT và PHCN; đánh giá KPI và báo cáo giao ban CS1 mỗi ngày,quan_ly_khac,KHTH,TCCB,2026-03-16,2026-03-24,dang_thuc_hien,1,,Biên bản 2026-03-16,1
334,VTTBYT rà soát và đề xuất sử dụng lại các máy phun khí thành máy phun muỗi tại bệnh viện,hanh_chanh,VTTBYT,,2026-03-24,2026-03-31,tre_deadline,1,,Biên bản 2026-03-24,0
335,HCQT trang bị bảng lớn ghi công việc triển khai trong tuần của bộ phận điều hành tại khoa Cấp cứu,hanh_chanh,HCQT,,2026-03-24,2026-03-31,da_hoan_thanh,1,,Biên bản 2026-03-24,0
336,HCQT triển khai loại bảng tên phòng khám có thể thay đổi liên tục,hanh_chanh,HCQT,,2026-03-24,2026-03-31,tre_deadline,1,,Biên bản 2026-03-24,0
337,HCQT triển khai bảng tên bác sĩ tại phòng khám,hanh_chanh,HCQT,,2026-03-24,2026-03-31,tre_deadline,1,,Biên bản 2026-03-24,0
338,HCQT điều chuyển tấm chắn gấp phòng tiêm về kho; rà soát phương án di dời phòng tiêm lên vị trí A.01,hanh_chanh,HCQT,Điều dưỡng,2026-03-24,2026-03-31,da_hoan_thanh,1,,Biên bản 2026-03-24,0
339,HCQT + Điều dưỡng trang trí và bổ sung nội dung tờ rơi truyền thông tiêm ngừa tại phòng tiêm,hanh_chanh,HCQT,Điều dưỡng,2026-03-24,2026-03-31,da_hoan_thanh,1,,Biên bản 2026-03-24,0
340,"HCQT + KHTH + Điều dưỡng cải tạo Khu C tầng trệt cho khoa Nội + Nhi + Ngoại (sơn, sửa thấm dột, tháo vách ngăn, sơn hộp kỹ thuật, xem xét thay cửa đẩy)",hanh_chanh,HCQT,KHTH|Điều dưỡng,2026-03-24,2026-04-07,da_hoan_thanh,1,,Biên bản 2026-03-24,0
341,"KHTH phối hợp BS Khoa Nhi triển khai khám định kỳ, tái khám, cá thể hóa kế hoạch điều trị và tư vấn tiêm ngừa cho trẻ em",chuyen_mon,KHTH,,2026-03-24,2026-03-31,dang_thuc_hien,1,,Biên bản 2026-03-24,1
342,KHTH + CNTT + Điều dưỡng triển khai nhắc hẹn tái khám định kỳ (tháng/quý) qua Zalo và các kênh người dân thường dùng,quan_ly_khac,KHTH,CNTT|Điều dưỡng,2026-03-24,2026-03-31,dang_thuc_hien,1,,Biên bản 2026-03-24,1
343,KHTH triển khai phác đồ điều trị Nội khoa của BV Chợ Rẫy tại phòng khám Nội 3 cho bác sĩ BV Từ Dũ tham khảo,chuyen_mon,KHTH,,2026-03-24,2026-03-31,tre_deadline,1,,Biên bản 2026-03-24,0
344,KHTH + YHCT + CTXH rà soát Poster truyền thông YHCT theo hướng dễ hiểu: triệu chứng bệnh đến phương pháp điều trị,quan_ly_khac,KHTH,YHCT|CTXH,2026-03-24,2026-03-31,tre_deadline,1,,Biên bản 2026-03-24,0
345,Khoa Sản: Điều dưỡng chuẩn hóa quy trình đặt giấy in và theo dõi sát sao biểu đồ monitor,chuyen_mon,Điều dưỡng,,2026-03-24,2026-03-24,da_hoan_thanh,1,,Biên bản 2026-03-24,0
346,TCCB + VTTBYT trang bị thiết bị da liễu từ khoa THTM CS1 chuyển xuống CS2,hanh_chanh,TCCB,VTTBYT,2026-03-24,2026-03-31,tre_deadline,1,,Biên bản 2026-03-24,0
347,"KHTH + TCCB rà soát quy chế bệnh viện, trình cách thức thực hiện khu đại thể đúng quy định pháp luật",quan_ly_khac,KHTH,TCCB,2026-03-24,2026-03-31,tre_deadline,1,,Biên bản 2026-03-24,0
348,KHTH + XN báo cáo thực hiện PCR ở CS2 chuyển lên CS1 có được BHYT thanh toán không (báo cáo trong ngày 25/03/2026),quan_ly_khac,KHTH,XN,2026-03-24,2026-03-25,tre_deadline,1,,Biên bản 2026-03-24,0
349,Ban lãnh đạo K.XN trình bày nhu cầu và tính cấp thiết trang bị an toàn sinh học cấp độ 2,quan_ly_khac,XN,,2026-03-24,2026-03-31,tre_deadline,1,,Biên bản 2026-03-24,0
350,TCCB gửi công văn danh mục kỹ thuật không được SYT duyệt cho các bệnh viện liên kết liên quan,quan_ly_khac,TCCB,,2026-03-24,2026-03-31,tre_deadline,1,,Biên bản 2026-03-24,0
351,HCQT trang bị màn nhựa/thanh lá ngăn khí lạnh tại Phòng Điện - Phục hồi chức năng,hanh_chanh,HCQT,,2026-04-03,2026-04-10,tre_deadline,1,,Biên bản 2026-04-03,0
352,XN + HCQT rà soát bảng decal không dùng; dán giấy trắng che các vị trí không sử dụng tại khu XN,hanh_chanh,XN,HCQT,2026-04-03,2026-04-10,tre_deadline,1,,Biên bản 2026-04-03,0
353,HCQT rà soát khu C tầng trệt: không để ổ điện ngoài hành lang; coi lại đường ron trắng; lên KH xây cửa hướng công viên,hanh_chanh,HCQT,,2026-04-03,2026-04-10,tre_deadline,1,,Biên bản 2026-04-03,0
354,HCQT trang bị thêm chuông gọi tại khu vực X-quang,hanh_chanh,HCQT,,2026-04-03,2026-04-10,da_hoan_thanh,1,,Biên bản 2026-04-03,0
355,KHTH + TCCB xây dựng KPI đánh giá hiệu suất xét nghiệm (mục tiêu 150 mẫu/ngày),quan_ly_khac,KHTH,TCCB|XN,2026-04-03,2026-04-10,tre_deadline,1,,Biên bản 2026-04-03,0
356,"KHTH rà soát 100% bệnh nhân GMHS phải đầy đủ biên bản hội chẩn đúng quy định, trong đó có BB Hội chẩn với GMHS CS1",chuyen_mon,KHTH,GMHS,2026-04-03,2026-04-10,tre_deadline,1,,Biên bản 2026-04-03,0
357,KHTH triển khai khám YHCT và PHCN cho người bệnh nội trú; khoa lâm sàng mời BS PHCN/YHCT khám và chỉ định tập,chuyen_mon,KHTH,YHCT|PHCN,2026-04-03,2026-04-10,tre_deadline,1,,Biên bản 2026-04-03,0
358,KHTH gửi công văn học tập Nội soi Tiêu hóa và TMH tại BV Bình Dân; tổng hợp báo cáo nội dung phù hợp để triển khai tại CS2,quan_ly_khac,KHTH,,2026-04-03,2026-04-10,tre_deadline,1,,Biên bản 2026-04-03,0
359,KHTH + Điều dưỡng xem xét quy chế thời gian đeo lắc tay và trang bị đồng phục nhập viện cho bệnh nhân tại Cấp cứu,chuyen_mon,KHTH,Điều dưỡng,2026-04-03,2026-04-10,tre_deadline,1,,Biên bản 2026-04-03,0
360,TCCB + KHTH phối hợp BV Nguyễn Tri Phương về hợp tác điều trị bệnh nhân Nội tại CS2 (2-3 ngày/tuần),quan_ly_khac,TCCB,KHTH,2026-04-03,2026-04-10,dang_thuc_hien,1,,Biên bản 2026-04-03,1
361,"KHTH + Điều dưỡng + HCQT rà soát chỉnh sửa bảng thông tin phòng họp Cấp cứu (BN nặng, số NB và NV toàn viện từng khoa theo ngày)",hanh_chanh,KHTH,Điều dưỡng|HCQT,2026-04-03,2026-04-17,da_hoan_thanh,1,Thực hiện mỗi ngày,Biên bản 2026-04-03,0
362,"KHTH + TCCB báo cáo nội dung nhà đại thể CS2, lưu ý các vấn đề pháp lý; trao đổi kinh nghiệm với BV LVT và BV Nguyễn Tri Phương",quan_ly_khac,KHTH,TCCB,2026-04-03,2026-04-10,tre_deadline,1,,Biên bản 2026-04-03,0
363,Triển khai khu G tầng trệt làm khu Nội trú vào 10/04/2026,hanh_chanh,HCQT,KHTH,2026-04-03,2026-04-10,da_hoan_thanh,1,,Biên bản 2026-04-03,0
364,"Bs Lan Hương (TCCB) và Cn Nhân (TCKT) lên kế hoạch tìm kiếm khách hàng khám đoàn tại CS2 (giáo dục, TNXP, ban ngành, cơ quan địa phương)",quan_ly_khac,TCCB,TCKT,2026-04-03,2026-04-10,tre_deadline,1,,Biên bản 2026-04-03,0
365,Điều dưỡng + KHTH tăng cường TTGDSK Nuôi con bằng sữa loài người (Human milk); 100% trẻ sinh tại CS2 được hướng dẫn,chuyen_mon,Điều dưỡng,KHTH,2026-04-03,2026-03-24,da_hoan_thanh,1,,Biên bản 2026-04-03,0
366,HCQT lên lịch kiểm tra và chạy thử định kỳ máy phát điện dự phòng,hanh_chanh,HCQT,,2026-04-10,2026-04-17,da_hoan_thanh,1,,Biên bản 2026-04-10,0
367,KSNK + HCQT rà soát đảm bảo lối đi của bệnh nhân không chung với lối đi để đồ rác thải,hanh_chanh,KSNK,HCQT,2026-04-10,2026-04-17,tre_deadline,1,,Biên bản 2026-04-10,0
368,"HCQT + Điều dưỡng giám sát nhân sự vệ sinh quét dọn, khử khuẩn định kỳ ít nhất 02 lần/ngày (phòng khám và khu nghỉ nhân viên)",hanh_chanh,HCQT,Điều dưỡng,2026-04-10,2026-04-17,da_hoan_thanh,1,,Biên bản 2026-04-10,1
369,"KHTH lập kế hoạch và giám sát điều trị cá thể cho người cao tuổi với bệnh lý nền (ĐTĐ, Tim mạch, Suy thận, Suyễn, nhiễm trùng)",chuyen_mon,KHTH,,2026-04-10,2026-04-17,tre_deadline,1,,Biên bản 2026-04-10,0
370,KHTH nghiên cứu mô hình bệnh tật đặc thù khu vực Cần Giờ để xây dựng phác đồ tiếp nhận và điều trị phù hợp,chuyen_mon,KHTH,,2026-04-10,2026-04-17,tre_deadline,1,,Biên bản 2026-04-10,0
371,Bố trí BS Nhi tại khoa Sản để thực hiện tầm soát sơ sinh ngay sau khi trẻ ra đời,chuyen_mon,KHTH,,2026-04-10,2026-04-17,dang_thuc_hien,1,,Biên bản 2026-04-10,1
372,KHTH phối hợp VLT-PHCN CS1 cử nhân sự chuyên trách hỗ trợ trẻ em có nhu cầu can thiệp tại CS2,chuyen_mon,KHTH,TCCB,2026-04-10,2026-04-17,tre_deadline,1,,Biên bản 2026-04-10,0
373,CTXH + Điều dưỡng + KHTH thiết kế tờ rơi hướng dẫn chăm sóc trẻ sau xuất viện kèm lịch chích ngừa cụ thể,quan_ly_khac,CTXH,Điều dưỡng|KHTH,2026-04-10,2026-04-17,tre_deadline,1,,Biên bản 2026-04-10,0
374,"KHTH đầu mối + Điều dưỡng + HCQT + VTTBYT báo cáo tồn tại, nhận xét và định hướng công việc tháng 04/2026 gửi BGĐ",quan_ly_khac,KHTH,Điều dưỡng|HCQT|VTTBYT,2026-04-10,2026-04-17,tre_deadline,1,,Biên bản 2026-04-10,0
375,"CNTT + Điều dưỡng thiết lập hoàn chỉnh hệ thống cấp số thứ tự tự động tại PK, X-Quang, XN và Siêu âm",quan_ly_khac,CNTT,Điều dưỡng,2026-04-10,2026-04-17,tre_deadline,1,,Biên bản 2026-04-10,0
376,Điều dưỡng giám sát trang phục người bệnh; tuyệt đối không để bệnh nhân không mặc áo trong quá trình lưu trú,chuyen_mon,Điều dưỡng,,2026-04-10,2026-04-10,da_hoan_thanh,1,,Biên bản 2026-04-10,1
377,CTXH + Điều dưỡng đẩy mạnh quảng bá sự phối hợp giữa BV Từ Dũ và BV Nhi đồng TP tại khu vực phòng khám,quan_ly_khac,CTXH,Điều dưỡng,2026-04-10,2026-04-17,tre_deadline,1,,Biên bản 2026-04-10,0
378,KHTH sắp xếp lịch trực điều trị đảm bảo nhân sự trực đêm BS nội trú ổn định dưới sự giám sát của Bs Thúy Phượng,quan_ly_khac,KHTH,,2026-04-10,2026-04-17,dang_thuc_hien,1,,Biên bản 2026-04-10,1
379,"Công đoàn + Điều dưỡng phát động phong trào thể dục thể thao (bóng đá, nhảy dây); chuẩn bị Hội thao chào mừng lễ 30/04",quan_ly_khac,Công Đoàn,Điều dưỡng,2026-04-10,2026-04-24,da_hoan_thanh,1,,Biên bản 2026-04-10,0
380,"KHTH phân tích và giám sát kế hoạch điều trị từng ca: bệnh nặng, đa chấn thương, thận nhân tạo",chuyen_mon,KHTH,,2026-04-13,2026-04-20,dang_thuc_hien,1,,Biên bản 2026-04-13,1
381,"KHTH + Cấp cứu + Ngoại rút kinh nghiệm 3 ca chuyển viện: viêm ruột thừa, tiêm xương, tiêm mắt; rà soát lý do (thiếu thuốc hay ngoài danh mục)",chuyen_mon,KHTH,K.Cấp cứu|K.Ngoại,2026-04-13,2026-04-15,tre_deadline,1,,Biên bản 2026-04-13,0
382,KHTH triển khai điều trị và khám toàn diện cá thể hóa cho bệnh nhân trên 65 tuổi từ 13/04/2026,chuyen_mon,KHTH,,2026-04-13,2026-04-17,dang_thuc_hien,1,,Biên bản 2026-04-13,1
383,KHTH triển khai chăm sóc giảm nhẹ cho người già và suy đa cơ quan; tổ chức đi học tập khảo sát và trình KH triển khai cụ thể,chuyen_mon,KHTH,,2026-04-13,2026-05-02,tre_deadline,1,,Biên bản 2026-04-13,0
384,CTXH tăng cường truyền thông nội soi tiêu hóa và nội soi Răng hàm mặt tại CS2,quan_ly_khac,CTXH,,2026-04-13,2026-04-20,tre_deadline,1,,Biên bản 2026-04-13,0
385,HCQT lắp camera khu nhà nhân viên hướng cổng vào,hanh_chanh,HCQT,,2026-04-21,2026-04-28,tre_deadline,1,,Biên bản 2026-04-21,0
386,HCQT + TNXP rà soát phương tiện để sai vị trí (CC/phòng khám/nhà ăn NV/khu D-G),hanh_chanh,HCQT,Thanh Niên Xung Phong,2026-04-21,2026-04-28,tre_deadline,1,,Biên bản 2026-04-21,0
387,KHTH + Điều dưỡng + HCQT làm bảng thông tin trực phòng họp CC (lãnh đạo/BS/ĐD/hotline),hanh_chanh,KHTH,Điều dưỡng|HCQT,2026-04-21,2026-04-17,da_hoan_thanh,1,Đã hoàn thành,Biên bản 2026-04-21,0
388,HCQT rà soát/đánh số/tập kết tủ và bồn Inox toàn viện và báo cáo số lượng,hanh_chanh,HCQT,,2026-04-21,2026-04-28,tre_deadline,1,,Biên bản 2026-04-21,0
389,HCQT làm tờ trình triển khai đơn vị làm sạch (tối thiểu 8 nhân sự) cho TCCB và BGĐ,quan_ly_khac,HCQT,Điều dưỡng|TCCB,2026-04-21,2026-04-28,da_hoan_thanh,1,,Biên bản 2026-04-21,0
390,KHTH giám sát bệnh nhân chuyển viện đã làm Bilan tổng thể,chuyen_mon,KHTH,,2026-04-21,2026-04-28,dang_thuc_hien,1,,Biên bản 2026-04-21,1
391,KHTH giám sát ghi nhận bệnh nền rõ ràng chi tiết (không ghi mơ hồ),chuyen_mon,KHTH,,2026-04-21,2026-04-28,dang_thuc_hien,1,,Biên bản 2026-04-21,1
392,KHTH + Điều dưỡng giám sát đánh giá bệnh án Thận nhân tạo (cá thể hóa kế hoạch chạy thận/Bilan/biến chứng),chuyen_mon,KHTH,Điều dưỡng,2026-04-21,2026-04-28,dang_thuc_hien,1,,Biên bản 2026-04-21,1
393,KHTH + Điều dưỡng báo cáo tiến độ triển khai hoạt động sau học tập TNT tại BV LVT (chăm sóc chuyên sâu theo nhóm),chuyen_mon,KHTH,Điều dưỡng,2026-04-21,2026-05-18,da_hoan_thanh,1,,Biên bản 2026-04-21,0
394,TCCB + KHTH giám sát tuân thủ phác đồ điều trị và phác đồ khám toàn diện,chuyen_mon,TCCB,KHTH,2026-04-21,2026-04-28,dang_thuc_hien,1,,Biên bản 2026-04-21,1
395,KHTH báo cáo giám sát khám toàn diện thời gian thực buổi sáng (số ca/bác sĩ/bệnh can thiệp),quan_ly_khac,KHTH,,2026-04-21,2026-04-28,dang_thuc_hien,1,,Biên bản 2026-04-21,1
396,KHTH báo cáo phân tích chi tiết các ca tai nạn lao động/giao thông/sinh hoạt,quan_ly_khac,KHTH,,2026-04-21,2026-04-28,dang_thuc_hien,2,Nhắc lại trong BB 2026-05-05,Biên bản 2026-04-21,1
397,KHTH báo cáo ngày triển khai nội soi tiêu hóa và số lượng/cách thức thực hiện,chuyen_mon,KHTH,,2026-04-21,2026-05-12,da_hoan_thanh,1,"Ngày triển khai: 12/5/2026
Tới ngày 18/5/2026: đã thực hiện 06 ca. Trong đó 2 ca NS dạ dày và đại tràng. 4 ca nội soi dạ dày.",Biên bản 2026-04-21,0
398,KHTH kiểm soát quy trình nhà đại thể và báo cáo (cách hoạt động/luồng di chuyển/liên hệ sự việc),quan_ly_khac,KHTH,,2026-04-21,2026-04-28,dang_thuc_hien,1,,Biên bản 2026-04-21,1
399,KHTH xây dựng Bilan cho BN bán cấp cứu,chuyen_mon,KHTH,,2026-04-21,2026-04-28,tre_deadline,1,,Biên bản 2026-04-21,0
400,KHTH xây dựng Bilan Shock nhiễm trùng (CLS/LS 24h/chia độ shock/phác đồ chi tiết kiểm tra lại),chuyen_mon,KHTH,,2026-04-21,2026-04-28,tre_deadline,1,,Biên bản 2026-04-21,0
401,TCCB + KHTH + Điều dưỡng điều nhân sự Sơ sinh CS1 bổ sung trực đêm khoa Nhi CS2,quan_ly_khac,TCCB,KHTH|Điều dưỡng,2026-04-21,2026-04-28,tre_deadline,1,,Biên bản 2026-04-21,0
402,KHTH sắp xếp BS GMHS học tập tại khoa CC và khám nội,chuyen_mon,KHTH,GMHS,2026-04-21,2026-04-28,tre_deadline,1,,Biên bản 2026-04-21,0
403,KHTH rà soát bảng checklist khám toàn diện (phối hợp các bộ phận và phòng khám CK),chuyen_mon,KHTH,,2026-04-21,2026-04-28,tre_deadline,1,,Biên bản 2026-04-21,0
404,KHTH xây dựng bộ CLS thường quy theo triệu chứng/ICD bệnh,chuyen_mon,KHTH,,2026-04-21,2026-04-28,tre_deadline,1,,Biên bản 2026-04-21,0
405,KHTH + Dược + YHCT triển khai thuốc thang/thuốc bốc tại CS2 (quy trình/vận chuyển/lưu trữ/hẹn BN),chuyen_mon,KHTH,Dược|YHCT,2026-04-21,2026-04-28,tre_deadline,1,,Biên bản 2026-04-21,0
406,Điều dưỡng + CTXH thiết kế Poster nuôi con bằng sữa mẹ Human Milk (dạ dày trẻ sơ sinh tại hậu sản/GMHS/Nhi),quan_ly_khac,Điều dưỡng,CTXH,2026-04-21,2026-04-21,da_hoan_thanh,1,,Biên bản 2026-04-21,0
407,KHTH + Điều dưỡng + HCQT + VTTBYT rà soát TB KL họp T1-4/2026 và báo cáo hạng mục chưa/đang triển khai,quan_ly_khac,KHTH,Điều dưỡng|HCQT|VTTBYT,2026-04-21,2026-04-28,tre_deadline,1,⚠️ Báo cáo từ phòng phối hợp (HCQT) — cần kiểm tra lại với phòng chính (KHTH),Biên bản 2026-04-21,0
408,Điều dưỡng + HCQT giám sát đồng phục NB (áo người bệnh) và người nhà (áo vàng) đúng quy định,quan_ly_khac,Điều dưỡng,HCQT,2026-04-21,2026-04-21,da_hoan_thanh,1,,Biên bản 2026-04-21,1
409,VTTBYT + HCQT rà soát kho TTB không nhận - niêm phong và khóa (ghi ngày + chữ ký),hanh_chanh,VTTBYT,HCQT,2026-04-21,2026-04-28,tre_deadline,1,,Biên bản 2026-04-21,0
410,VTTBYT rà soát TTB phòng mổ và chuyển vào phòng mổ,hanh_chanh,VTTBYT,,2026-04-21,2026-04-28,tre_deadline,1,,Biên bản 2026-04-21,0
411,VTTBYT + HCQT làm tờ trình di dời máy CT scan (nội dung/ai thực hiện/thời gian/chi phí/phương án bảo quản),hanh_chanh,VTTBYT,HCQT,2026-04-21,2026-04-28,tre_deadline,1,,Biên bản 2026-04-21,0
412,KHTH báo cáo ca chuyển viện có thể giữ lại sau khi CT hoạt động và đánh giá hiệu quả Q2/Q3,quan_ly_khac,KHTH,,2026-04-21,2026-04-28,tre_deadline,1,,Biên bản 2026-04-21,0
413,KHTH + Điều dưỡng + CTXH trình kế hoạch có bệnh nhân dùng máy CT (tính khả thi và thực tế),quan_ly_khac,KHTH,Điều dưỡng|CTXH,2026-04-21,2026-04-28,tre_deadline,1,,Biên bản 2026-04-21,0
414,KSNK + VTTBYT học tập BV LVT xử lý đồ vải; báo cáo công suất CS2 và khả năng nâng công suất,quan_ly_khac,KSNK,VTTBYT,2026-04-21,2026-04-28,tre_deadline,1,,Biên bản 2026-04-21,0
415,Điều dưỡng chuẩn bị báo cáo CS1 về lưu đồ in toa thuốc tập trung và lưu đồ khoa khám bệnh,quan_ly_khac,Điều dưỡng,,2026-04-21,2026-04-21,da_hoan_thanh,1,,Biên bản 2026-04-21,0
416,TCCB + KHTH + Điều dưỡng + HCQT + CTXH triển khai mổ đục thủy tinh thể (CS2 chủ trì: tiếp nhận đến hậu phẫu và tư vấn tái khám),chuyen_mon,TCCB,KHTH|Điều dưỡng|HCQT|CTXH,2026-04-21,2026-04-28,da_hoan_thanh,1,⚠️ Báo cáo từ phòng phối hợp (HCQT) — cần kiểm tra lại với phòng chính (TCCB),Biên bản 2026-04-21,0
417,VTTBYT + HCQT làm tờ trình vị trí đặt máy CT (phù hợp vận hành/phục vụ CC/tiết kiệm tài nguyên),quan_ly_khac,VTTBYT,HCQT,2026-05-05,2026-05-05,tre_deadline,1,,Biên bản 2026-05-05,0
418,VTTBYT + HCQT quy hoạch khu Chẩn đoán hình ảnh trên bản vẽ mặt bằng (TTB/lưu đồ BN/ổ điện-mạng/bàn ghế/máy lạnh),hanh_chanh,VTTBYT,HCQT,2026-05-05,2026-05-12,tre_deadline,1,,Biên bản 2026-05-05,0
419,VTTBYT sửa gấp máy CRAM báo cáo 08/05/2026,hanh_chanh,VTTBYT,,2026-05-05,2026-05-08,tre_deadline,1,,Biên bản 2026-05-05,0
420,VTTBYT trang bị gấp máy Xquang Panorama và Xquang chóp răng báo cáo 08/05/2026,hanh_chanh,VTTBYT,,2026-05-05,2026-05-08,tre_deadline,1,,Biên bản 2026-05-05,0
421,KHTH + VTTBYT + HCQT xây dựng phương án Can thiệp nội mạch (TTB/bố trí mặt bằng/luồng BN/nhân sự),quan_ly_khac,KHTH,VTTBYT|HCQT,2026-05-05,2026-05-12,tre_deadline,1,,Biên bản 2026-05-05,0
422,KHTH trình KPI nội soi tiêu hóa (ít nhất 10 ca/tuần) và ngày triển khai ca đầu tiên,quan_ly_khac,KHTH,,2026-05-05,2026-05-12,tre_deadline,1,,Biên bản 2026-05-05,0
423,KHTH giám sát BS GMHS khám nội (ít nhất 30% tổng số BN nội),chuyen_mon,KHTH,GMHS,2026-05-05,2026-05-12,dang_thuc_hien,1,,Biên bản 2026-05-05,1
424,KHTH + BS Thúy Phượng mô tả nhiệm vụ và vị trí việc làm cụ thể của 5 BS BV TD (sáng/chiều/tối); báo cáo 12/05,quan_ly_khac,KHTH,,2026-05-05,2026-05-12,tre_deadline,1,,Biên bản 2026-05-05,0
425,KHTH + HCQT triển khai thêm phòng khám hội chẩn Nội (BS Nguyễn Tri Phương ≥2 ngày/tuần đông bệnh) + phương án hẹn/điều phối,chuyen_mon,KHTH,HCQT,2026-05-05,2026-05-12,dang_thuc_hien,1,,Biên bản 2026-05-05,1
426,KHTH trình phương án tăng cường khám toàn diện hàng tuần (nội/ngoại trú/phân tích tuân thủ/khắc phục),quan_ly_khac,KHTH,,2026-05-05,2026-05-12,dang_thuc_hien,1,,Biên bản 2026-05-05,1
427,XN + VTTBYT + KHTH + TCKT triển khai đặt máy demo khí máu động mạch và lactate phục vụ CC và ngoại trú,chuyen_mon,XN,VTTBYT|KHTH|TCKT,2026-05-05,2026-05-12,tre_deadline,1,,Biên bản 2026-05-05,0
428,KHTH tăng cường tầm soát ung thư (tiền liệt tuyến/UT vú/UT CTC),chuyen_mon,KHTH,,2026-05-05,2026-05-12,dang_thuc_hien,1,,Biên bản 2026-05-05,1
429,KHTH triển khai điều trị trong ngày cho bệnh lý không lây,chuyen_mon,KHTH,,2026-05-05,2026-05-12,dang_thuc_hien,1,,Biên bản 2026-05-05,1
430,KHTH triển khai khám dinh dưỡng và báo cáo số ca hàng tuần,chuyen_mon,KHTH,,2026-05-05,2026-05-12,dang_thuc_hien,1,,Biên bản 2026-05-05,1
431,Báo cáo tuần: tóm tắt/nhận xét/đề xuất (≥3 đề xuất khả thi) được PGĐ duyệt trước khi trình GĐ,quan_ly_khac,KHTH,,2026-05-05,2026-05-12,dang_thuc_hien,1,,Biên bản 2026-05-05,1
432,Báo cáo chi tiết mỗi tuần những khó khăn BHYT cần ý kiến chỉ đạo,quan_ly_khac,KHTH,,2026-05-05,2026-05-12,dang_thuc_hien,1,,Biên bản 2026-05-05,1
433,Các trường hợp BHYT bị từ chối/lỗi phải xử lý xong trong 24 giờ,quan_ly_khac,KHTH,,2026-05-05,2026-05-12,dang_thuc_hien,1,,Biên bản 2026-05-05,1
434,KHTH trình tờ trình chương trình với 4 trạm y tế địa bàn (chuyên môn/truyền thông/xã hội nhân đạo) ngày 08/05,quan_ly_khac,KHTH,,2026-05-05,2026-05-08,tre_deadline,1,,Biên bản 2026-05-05,0
435,Điều dưỡng + BS Trưởng CC cải tiến tiếp nhận CC chuyên nghiệp (đồng phục BN/người nhà/lắc tay),chuyen_mon,Điều dưỡng,K.Cấp cứu,2026-05-05,2026-05-11,da_hoan_thanh,1,,Biên bản 2026-05-05,0
436,KHTH + Điều dưỡng + CNTT quản lý quy trình khám bệnh (thời gian chờ mỗi khâu/hoàn thiện QT/truyền thông thông tin),quan_ly_khac,KHTH,Điều dưỡng|CNTT|CTXH,2026-05-05,2026-05-12,dang_thuc_hien,1,,Biên bản 2026-05-05,1
437,Điều dưỡng + KHTH + HCQT triển khai chăm sóc khách hàng toàn diện (giải quyết và báo cáo trong 24h),quan_ly_khac,Điều dưỡng,KHTH|HCQT,2026-05-05,2026-05-12,dang_thuc_hien,1,,Biên bản 2026-05-05,1
438,Điều dưỡng tăng cường đa dạng hóa kênh tiếp cận để hiểu tâm tư người bệnh,quan_ly_khac,Điều dưỡng,,2026-05-05,2026-05-12,tre_deadline,1,,Biên bản 2026-05-05,0
439,KHTH đầu mối trình kế hoạch gia tăng dịch vụ (nội soi/CT/ngoại trú/khám toàn diện/khám đoàn) ngày 12/05,quan_ly_khac,KHTH,,2026-05-05,2026-05-12,tre_deadline,1,,Biên bản 2026-05-05,0
440,Điều dưỡng giám sát và nâng cao hình ảnh chuyên nghiệp NVYT và BN/người nhà (đặc biệt khu CC),quan_ly_khac,Điều dưỡng,,2026-05-05,2026-05-12,dang_thuc_hien,1,,Biên bản 2026-05-05,1
441,TCCB bổ sung nhân sự BV TD chiếm 50% tại CC/TNT/HSCC/Mắt/RHM/TMH/PHCN/YHCT trong Q2/2026; trình phương án 08.05,quan_ly_khac,TCCB,,2026-05-05,2026-05-08,tre_deadline,1,,Biên bản 2026-05-05,0
442,TCCB triển khai đào tạo nhân sự sử dụng thành thạo máy CT trước 26/05 (BV LVT/Chợ Rẫy/Hòa Hảo),quan_ly_khac,TCCB,,2026-05-05,2026-05-26,dang_thuc_hien,1,,Biên bản 2026-05-05,0
443,KHTH + Điều dưỡng + TCCB vẽ sơ đồ nhân sự từng khoa (tên cụ thể BS/ĐD/HS/KTV),quan_ly_khac,KHTH,Điều dưỡng|TCCB,2026-05-05,2026-05-12,tre_deadline,1,,Biên bản 2026-05-05,0
444,TCCB rà soát nhân sự CS2 cần truyền tải năng lượng tích cực,quan_ly_khac,TCCB,,2026-05-05,2026-05-12,tre_deadline,1,,Biên bản 2026-05-05,0
445,TCCB + KHTH + Điều dưỡng bố trí lịch trực/làm việc đúng chính sách; ngày nghỉ/lễ/Tết chu đáo,quan_ly_khac,TCCB,KHTH|Điều dưỡng,2026-05-05,2026-05-12,dang_thuc_hien,1,,Biên bản 2026-05-05,1
446,TCCB rà soát và giám sát nhân sự luân chuyển công tác cần có biên bản bàn giao công việc gửi về TCCB,quan_ly_khac,TCCB,,2026-05-05,2026-05-12,dang_thuc_hien,1,,Biên bản 2026-05-05,1
